-- phpMyAdmin SQL Dump
-- version 4.7.9
-- https://www.phpmyadmin.net/
--
-- Host: 127.0.0.1:3306
-- Generation Time: Jul 09, 2018 at 03:01 PM
-- Server version: 5.7.21
-- PHP Version: 5.6.35

SET SQL_MODE = "NO_AUTO_VALUE_ON_ZERO";
SET AUTOCOMMIT = 0;
START TRANSACTION;
SET time_zone = "+00:00";


/*!40101 SET @OLD_CHARACTER_SET_CLIENT=@@CHARACTER_SET_CLIENT */;
/*!40101 SET @OLD_CHARACTER_SET_RESULTS=@@CHARACTER_SET_RESULTS */;
/*!40101 SET @OLD_COLLATION_CONNECTION=@@COLLATION_CONNECTION */;
/*!40101 SET NAMES utf8mb4 */;

--
-- Database: `bdd2`
--

-- --------------------------------------------------------

--
-- Table structure for table `divinite`
--

DROP TABLE IF EXISTS `divinite`;
CREATE TABLE IF NOT EXISTS `divinite` (
  `ID` int(11) NOT NULL AUTO_INCREMENT,
  `Nom` varchar(255) NOT NULL,
  PRIMARY KEY (`ID`)
) ENGINE=InnoDB AUTO_INCREMENT=51 DEFAULT CHARSET=latin1;

--
-- Dumping data for table `divinite`
--

INSERT INTO `divinite` (`ID`, `Nom`) VALUES
(1, 'Métis'),
(2, 'Perséphone'),
(3, 'Thémis'),
(4, 'Hébé'),
(5, 'Maïa'),
(6, 'Éos'),
(7, 'Héphaïstos'),
(8, 'Artémis'),
(9, 'Éris'),
(10, 'Atlas'),
(11, 'Arès'),
(12, 'Océanos'),
(13, 'Minos'),
(14, 'Borée'),
(15, 'Chloris'),
(16, 'Hygie'),
(17, 'Cronos'),
(18, 'Triton'),
(19, 'Hadès'),
(20, 'Hécate'),
(21, 'Priape'),
(22, 'Athéna'),
(23, 'Tyché'),
(24, 'Hélios'),
(25, 'Héraclès'),
(26, 'Aphrodite'),
(27, 'Dionysos'),
(28, 'Rhéa'),
(29, 'Déméter'),
(30, 'Morphée'),
(31, 'Léto'),
(32, 'Apollon'),
(33, 'Éole'),
(34, 'Éros'),
(35, 'Thétis'),
(36, 'Séléné'),
(37, 'Gaïa'),
(38, 'Poséidon'),
(39, 'Asclépios'),
(40, 'Zéphyr'),
(41, 'Achlys'),
(42, 'Pan'),
(43, 'Héra'),
(44, 'Rhadamanthe'),
(45, 'Até'),
(46, 'Hestia'),
(47, 'Hermès'),
(48, 'Ouranos'),
(49, 'Ploutos'),
(50, 'Charon');

-- --------------------------------------------------------

--
-- Table structure for table `etape`
--

DROP TABLE IF EXISTS `etape`;
CREATE TABLE IF NOT EXISTS `etape` (
  `ID` int(11) NOT NULL AUTO_INCREMENT,
  `Indice` int(11) NOT NULL,
  `ID_Expedition` int(11) NOT NULL,
  `ID_Ville` int(11) NOT NULL,
  PRIMARY KEY (`ID`),
  KEY `Etape_Expedition_FK` (`ID_Expedition`),
  KEY `Etape_Ville0_FK` (`ID_Ville`)
) ENGINE=InnoDB AUTO_INCREMENT=157 DEFAULT CHARSET=latin1;

--
-- Dumping data for table `etape`
--

INSERT INTO `etape` (`ID`, `Indice`, `ID_Expedition`, `ID_Ville`) VALUES
(1, 1, 1, 1),
(2, 2, 1, 2),
(3, 3, 1, 3),
(4, 4, 1, 4),
(5, 5, 1, 5),
(6, 6, 1, 6),
(7, 7, 1, 7),
(8, 8, 1, 8),
(9, 9, 1, 9),
(10, 10, 1, 10),
(11, 1, 280, 11),
(12, 2, 280, 12),
(13, 3, 280, 11),
(14, 4, 280, 6),
(15, 5, 280, 13),
(16, 6, 280, 14),
(17, 7, 280, 15),
(18, 8, 280, 16),
(19, 9, 280, 4),
(20, 10, 280, 17),
(21, 11, 280, 18),
(22, 12, 280, 19),
(23, 13, 280, 20),
(24, 14, 280, 21),
(25, 15, 280, 22),
(26, 1, 594, 17),
(27, 2, 594, 11),
(28, 3, 594, 1),
(29, 4, 594, 18),
(30, 5, 594, 23),
(31, 6, 594, 8),
(32, 1, 18, 83),
(33, 2, 18, 85),
(34, 3, 18, 100),
(35, 4, 18, 88),
(36, 5, 18, 123),
(37, 6, 18, 84),
(38, 7, 18, 75),
(39, 1, 72, 105),
(40, 2, 72, 87),
(41, 3, 72, 72),
(42, 4, 72, 121),
(43, 5, 72, 112),
(44, 6, 72, 97),
(45, 7, 72, 120),
(46, 8, 72, 111),
(47, 9, 72, 126),
(48, 10, 72, 109),
(49, 11, 72, 82),
(50, 12, 72, 89),
(51, 13, 72, 77),
(52, 1, 221, 94),
(53, 2, 221, 128),
(54, 3, 221, 124),
(55, 4, 221, 83),
(56, 5, 221, 73),
(57, 6, 221, 121),
(58, 7, 221, 124),
(59, 8, 221, 92),
(60, 9, 221, 78),
(61, 10, 221, 111),
(62, 1, 494, 73),
(63, 2, 494, 107),
(64, 3, 494, 122),
(65, 4, 494, 104),
(66, 1, 350, 80),
(67, 2, 350, 118),
(68, 3, 350, 125),
(69, 4, 350, 123),
(70, 5, 350, 79),
(71, 6, 350, 110),
(72, 7, 350, 128),
(73, 8, 350, 72),
(74, 9, 350, 71),
(75, 10, 350, 90),
(76, 1, 432, 124),
(77, 2, 432, 101),
(78, 3, 432, 85),
(79, 4, 432, 112),
(80, 5, 432, 119),
(81, 6, 432, 102),
(82, 7, 432, 71),
(83, 8, 432, 108),
(84, 9, 432, 75),
(85, 10, 432, 120),
(86, 11, 432, 88),
(87, 1, 476, 70),
(88, 2, 476, 110),
(89, 3, 476, 109),
(90, 4, 476, 95),
(91, 5, 476, 120),
(92, 6, 476, 105),
(93, 7, 476, 123),
(94, 8, 476, 105),
(95, 9, 476, 72),
(96, 10, 476, 88),
(97, 11, 476, 97),
(98, 1, 610, 84),
(99, 2, 610, 65),
(100, 3, 610, 92),
(101, 4, 610, 105),
(102, 5, 610, 90),
(103, 6, 610, 68),
(104, 7, 610, 85),
(105, 8, 610, 110),
(106, 9, 610, 96),
(107, 10, 610, 83),
(108, 11, 610, 107),
(109, 1, 642, 119),
(110, 2, 642, 91),
(111, 3, 642, 114),
(112, 4, 642, 68),
(113, 5, 642, 119),
(114, 6, 642, 80),
(115, 7, 642, 84),
(116, 8, 642, 104),
(117, 9, 642, 67),
(118, 1, 743, 116),
(119, 2, 743, 65),
(120, 3, 743, 113),
(121, 4, 743, 100),
(122, 5, 743, 76),
(123, 6, 743, 97),
(124, 7, 743, 125),
(125, 8, 743, 84),
(126, 9, 743, 71),
(127, 10, 743, 104),
(128, 11, 743, 123),
(129, 1, 889, 109),
(130, 2, 889, 92),
(131, 3, 889, 84),
(132, 4, 889, 77),
(133, 5, 889, 67),
(134, 6, 889, 112),
(135, 7, 889, 88),
(136, 8, 889, 66),
(137, 9, 889, 101),
(138, 10, 889, 71),
(139, 11, 889, 82),
(140, 12, 889, 66),
(141, 13, 889, 76),
(142, 14, 889, 107),
(143, 15, 889, 84),
(144, 1, 911, 86),
(145, 2, 911, 108),
(146, 3, 911, 77),
(147, 4, 911, 109),
(148, 5, 911, 94),
(149, 1, 960, 117),
(150, 2, 960, 72),
(151, 3, 960, 105),
(152, 4, 960, 111),
(153, 5, 960, 79),
(154, 6, 960, 103),
(155, 7, 960, 88),
(156, 8, 960, 105);

-- --------------------------------------------------------

--
-- Table structure for table `expedition`
--

DROP TABLE IF EXISTS `expedition`;
CREATE TABLE IF NOT EXISTS `expedition` (
  `ID` int(11) NOT NULL AUTO_INCREMENT,
  `Numero` varchar(11) DEFAULT NULL,
  `ID_Divinite` int(11) NOT NULL,
  `ID_Navire` int(11) NOT NULL,
  `ID_Heros` int(11) NOT NULL,
  PRIMARY KEY (`ID`),
  KEY `Expedition_Divinite_FK` (`ID_Divinite`),
  KEY `Expedition_Navire0_FK` (`ID_Navire`),
  KEY `Expedition_Heros1_FK` (`ID_Heros`)
) ENGINE=InnoDB AUTO_INCREMENT=1031 DEFAULT CHARSET=latin1;

--
-- Dumping data for table `expedition`
--

INSERT INTO `expedition` (`ID`, `Numero`, `ID_Divinite`, `ID_Navire`, `ID_Heros`) VALUES
(1, 'I', 1, 1, 1),
(2, 'I', 1, 1, 2),
(3, 'I', 1, 1, 3),
(4, 'I', 1, 1, 4),
(5, 'I', 1, 1, 5),
(6, 'I', 1, 1, 6),
(7, 'I', 1, 1, 7),
(8, 'I', 1, 1, 8),
(9, 'I', 1, 1, 9),
(10, 'I', 1, 1, 10),
(11, 'I', 1, 1, 11),
(12, 'I', 1, 1, 12),
(13, 'I', 1, 1, 13),
(14, 'I', 1, 1, 14),
(15, 'I', 1, 1, 15),
(16, 'I', 1, 1, 16),
(17, 'I', 1, 1, 17),
(18, 'II', 2, 2, 18),
(19, 'II', 2, 2, 19),
(20, 'II', 2, 2, 20),
(21, 'II', 2, 2, 21),
(22, 'II', 2, 2, 22),
(23, 'II', 2, 2, 23),
(24, 'II', 2, 2, 24),
(25, 'II', 2, 2, 25),
(26, 'II', 2, 2, 26),
(27, 'II', 2, 2, 27),
(28, 'II', 2, 2, 28),
(29, 'II', 2, 2, 29),
(30, 'II', 2, 2, 30),
(31, 'II', 2, 2, 31),
(32, 'II', 2, 2, 32),
(33, 'II', 2, 2, 33),
(34, 'II', 2, 2, 34),
(35, 'II', 2, 2, 35),
(36, 'II', 2, 2, 36),
(37, 'II', 2, 2, 37),
(38, 'II', 2, 2, 38),
(39, 'II', 2, 2, 39),
(40, 'II', 2, 2, 40),
(41, 'II', 2, 2, 41),
(42, 'II', 2, 2, 42),
(43, 'II', 2, 2, 43),
(44, 'II', 2, 2, 44),
(45, 'II', 2, 2, 45),
(46, 'II', 2, 2, 46),
(47, 'II', 2, 2, 47),
(48, 'II', 2, 2, 48),
(49, 'II', 2, 2, 49),
(50, 'II', 2, 2, 50),
(51, 'II', 2, 2, 51),
(52, 'II', 2, 2, 52),
(53, 'II', 2, 2, 53),
(54, 'II', 2, 2, 54),
(55, 'II', 2, 2, 55),
(56, 'II', 2, 2, 56),
(57, 'II', 2, 2, 57),
(58, 'II', 2, 2, 58),
(59, 'II', 2, 2, 59),
(60, 'II', 2, 2, 60),
(61, 'II', 2, 2, 61),
(62, 'II', 2, 2, 62),
(63, 'II', 2, 2, 63),
(64, 'II', 2, 2, 64),
(65, 'II', 2, 2, 65),
(66, 'II', 2, 2, 66),
(67, 'II', 2, 2, 67),
(68, 'II', 2, 2, 68),
(69, 'II', 2, 2, 69),
(70, 'II', 2, 2, 70),
(71, 'II', 2, 2, 71),
(72, 'III', 3, 3, 72),
(73, 'III', 3, 3, 73),
(74, 'III', 3, 3, 74),
(75, 'III', 3, 3, 75),
(76, 'III', 3, 3, 76),
(77, 'III', 3, 3, 77),
(78, 'III', 3, 3, 78),
(79, 'III', 3, 3, 79),
(80, 'III', 3, 3, 80),
(81, 'III', 3, 3, 81),
(82, 'III', 3, 3, 82),
(83, 'III', 3, 3, 83),
(84, 'III', 3, 3, 84),
(85, 'III', 3, 3, 85),
(86, 'III', 3, 3, 86),
(87, 'III', 3, 3, 87),
(88, 'III', 3, 3, 88),
(89, 'III', 3, 3, 89),
(90, 'III', 3, 3, 90),
(91, 'III', 3, 3, 91),
(92, 'III', 3, 3, 92),
(93, 'III', 3, 3, 93),
(94, 'III', 3, 3, 94),
(95, 'III', 3, 3, 95),
(96, 'III', 3, 3, 96),
(97, 'III', 3, 3, 97),
(98, 'III', 3, 3, 98),
(99, 'III', 3, 3, 99),
(100, 'III', 3, 3, 100),
(101, 'III', 3, 3, 101),
(102, 'III', 3, 3, 102),
(103, 'III', 3, 3, 103),
(104, 'III', 3, 3, 104),
(105, 'III', 3, 3, 105),
(106, 'III', 3, 3, 106),
(107, 'III', 3, 3, 107),
(108, 'III', 3, 3, 108),
(109, 'III', 3, 3, 109),
(110, 'III', 3, 3, 110),
(111, 'III', 3, 3, 111),
(112, 'III', 3, 3, 112),
(113, 'III', 3, 3, 113),
(114, 'III', 3, 3, 114),
(115, 'III', 3, 3, 115),
(116, 'III', 3, 3, 116),
(117, 'III', 3, 3, 117),
(118, 'III', 3, 3, 118),
(119, 'III', 3, 3, 119),
(120, 'III', 3, 3, 120),
(121, 'III', 3, 3, 121),
(122, 'III', 3, 3, 122),
(123, 'III', 3, 3, 123),
(124, 'III', 3, 3, 124),
(125, 'III', 3, 3, 125),
(126, 'III', 3, 3, 126),
(127, 'III', 3, 3, 127),
(128, 'III', 3, 3, 128),
(129, 'III', 3, 3, 129),
(130, 'III', 3, 3, 130),
(131, 'III', 3, 3, 131),
(132, 'III', 3, 3, 132),
(133, 'III', 3, 3, 133),
(134, 'III', 3, 3, 134),
(135, 'III', 3, 3, 135),
(136, 'III', 3, 3, 136),
(137, 'III', 3, 3, 137),
(138, 'III', 3, 3, 138),
(139, 'III', 3, 3, 139),
(140, 'III', 3, 3, 140),
(141, 'III', 3, 3, 141),
(142, 'III', 3, 3, 142),
(143, 'III', 3, 3, 143),
(144, 'III', 3, 3, 144),
(145, 'III', 3, 3, 145),
(146, 'III', 3, 3, 146),
(147, 'III', 3, 3, 147),
(148, 'III', 3, 3, 148),
(149, 'III', 3, 3, 149),
(150, 'III', 3, 3, 150),
(151, 'III', 3, 3, 151),
(152, 'III', 3, 3, 152),
(153, 'III', 3, 3, 153),
(154, 'III', 3, 3, 154),
(155, 'III', 3, 3, 155),
(156, 'III', 3, 3, 156),
(157, 'III', 3, 3, 157),
(158, 'III', 3, 3, 158),
(159, 'III', 3, 3, 159),
(160, 'III', 3, 3, 160),
(161, 'III', 3, 3, 161),
(162, 'III', 3, 3, 162),
(163, 'III', 3, 3, 163),
(164, 'III', 3, 3, 164),
(165, 'III', 3, 3, 165),
(166, 'III', 3, 3, 166),
(167, 'III', 3, 3, 167),
(168, 'III', 3, 3, 168),
(169, 'III', 3, 3, 169),
(170, 'III', 3, 3, 170),
(171, 'III', 3, 3, 171),
(172, 'III', 3, 3, 172),
(173, 'III', 3, 3, 173),
(174, 'III', 3, 3, 174),
(175, 'III', 3, 3, 175),
(176, 'III', 3, 3, 176),
(177, 'III', 3, 3, 177),
(178, 'III', 3, 3, 178),
(179, 'III', 3, 3, 179),
(180, 'III', 3, 3, 180),
(181, 'III', 3, 3, 181),
(182, 'III', 3, 3, 182),
(183, 'III', 3, 3, 183),
(184, 'III', 3, 3, 184),
(185, 'III', 3, 3, 185),
(186, 'III', 3, 3, 186),
(187, 'III', 3, 3, 187),
(188, 'III', 3, 3, 188),
(189, 'III', 3, 3, 189),
(190, 'III', 3, 3, 190),
(191, 'III', 3, 3, 191),
(192, 'III', 3, 3, 192),
(193, 'III', 3, 3, 193),
(194, 'III', 3, 3, 194),
(195, 'III', 3, 3, 195),
(196, 'III', 3, 3, 196),
(197, 'III', 3, 3, 197),
(198, 'III', 3, 3, 198),
(199, 'III', 3, 3, 199),
(200, 'III', 3, 3, 200),
(201, 'III', 3, 3, 201),
(202, 'III', 3, 3, 202),
(203, 'III', 3, 3, 203),
(204, 'III', 3, 3, 204),
(205, 'III', 3, 3, 205),
(206, 'III', 3, 3, 206),
(207, 'III', 3, 3, 207),
(208, 'III', 3, 3, 208),
(209, 'III', 3, 3, 209),
(210, 'III', 3, 3, 210),
(211, 'III', 3, 3, 211),
(212, 'III', 3, 3, 212),
(213, 'III', 3, 3, 213),
(214, 'III', 3, 3, 214),
(215, 'III', 3, 3, 215),
(216, 'III', 3, 3, 216),
(217, 'III', 3, 3, 217),
(218, 'III', 3, 3, 218),
(219, 'III', 3, 3, 219),
(220, 'III', 3, 3, 220),
(221, 'IV', 4, 4, 221),
(222, 'IV', 4, 4, 222),
(223, 'IV', 4, 4, 223),
(224, 'IV', 4, 4, 224),
(225, 'IV', 4, 4, 225),
(226, 'IV', 4, 4, 226),
(227, 'IV', 4, 4, 227),
(228, 'IV', 4, 4, 228),
(229, 'IV', 4, 4, 229),
(230, 'IV', 4, 4, 230),
(231, 'IV', 4, 4, 231),
(232, 'IV', 4, 4, 232),
(233, 'IV', 4, 4, 233),
(234, 'IV', 4, 4, 234),
(235, 'IV', 4, 4, 235),
(236, 'IV', 4, 4, 236),
(237, 'IV', 4, 4, 237),
(238, 'IV', 4, 4, 238),
(239, 'IV', 4, 4, 239),
(240, 'IV', 4, 4, 240),
(241, 'IV', 4, 4, 241),
(242, 'IV', 4, 4, 242),
(243, 'IV', 4, 4, 243),
(244, 'IV', 4, 4, 244),
(245, 'IV', 4, 4, 245),
(246, 'IV', 4, 4, 246),
(247, 'IV', 4, 4, 247),
(248, 'IV', 4, 4, 248),
(249, 'IV', 4, 4, 249),
(250, 'IV', 4, 4, 250),
(251, 'IV', 4, 4, 251),
(252, 'IV', 4, 4, 252),
(253, 'IV', 4, 4, 253),
(254, 'IV', 4, 4, 254),
(255, 'IV', 4, 4, 255),
(256, 'IV', 4, 4, 256),
(257, 'IV', 4, 4, 257),
(258, 'IV', 4, 4, 258),
(259, 'IV', 4, 4, 259),
(260, 'IV', 4, 4, 260),
(261, 'IV', 4, 4, 261),
(262, 'IV', 4, 4, 262),
(263, 'IV', 4, 4, 263),
(264, 'IV', 4, 4, 264),
(265, 'IV', 4, 4, 265),
(266, 'IV', 4, 4, 266),
(267, 'IV', 4, 4, 267),
(268, 'IV', 4, 4, 268),
(269, 'IV', 4, 4, 269),
(270, 'IV', 4, 4, 270),
(271, 'IV', 4, 4, 271),
(272, 'IV', 4, 4, 272),
(273, 'IV', 4, 4, 273),
(274, 'IV', 4, 4, 274),
(275, 'IV', 4, 4, 275),
(276, 'IV', 4, 4, 276),
(277, 'IV', 4, 4, 277),
(278, 'IV', 4, 4, 278),
(279, 'IV', 4, 4, 279),
(280, 'V', 5, 5, 280),
(281, 'V', 5, 5, 281),
(282, 'V', 5, 5, 282),
(283, 'V', 5, 5, 283),
(284, 'V', 5, 5, 284),
(285, 'V', 5, 5, 285),
(286, 'V', 5, 5, 286),
(287, 'V', 5, 5, 287),
(288, 'V', 5, 5, 288),
(289, 'V', 5, 5, 289),
(290, 'V', 5, 5, 290),
(291, 'V', 5, 5, 291),
(292, 'V', 5, 5, 292),
(293, 'V', 5, 5, 293),
(294, 'V', 5, 5, 294),
(295, 'V', 5, 5, 295),
(296, 'V', 5, 5, 296),
(297, 'V', 5, 5, 297),
(298, 'V', 5, 5, 298),
(299, 'V', 5, 5, 299),
(300, 'V', 5, 5, 300),
(301, 'V', 5, 5, 301),
(302, 'V', 5, 5, 302),
(303, 'V', 5, 5, 303),
(304, 'V', 5, 5, 304),
(305, 'V', 5, 5, 305),
(306, 'V', 5, 5, 306),
(307, 'V', 5, 5, 307),
(308, 'V', 5, 5, 308),
(309, 'V', 5, 5, 309),
(310, 'V', 5, 5, 310),
(311, 'V', 5, 5, 311),
(312, 'V', 5, 5, 312),
(313, 'V', 5, 5, 313),
(314, 'V', 5, 5, 314),
(315, 'V', 5, 5, 315),
(316, 'V', 5, 5, 316),
(317, 'V', 5, 5, 317),
(318, 'V', 5, 5, 318),
(319, 'V', 5, 5, 319),
(320, 'V', 5, 5, 320),
(321, 'V', 5, 5, 321),
(322, 'V', 5, 5, 322),
(323, 'V', 5, 5, 323),
(324, 'V', 5, 5, 324),
(325, 'V', 5, 5, 325),
(326, 'V', 5, 5, 326),
(327, 'V', 5, 5, 327),
(328, 'V', 5, 5, 328),
(329, 'V', 5, 5, 329),
(330, 'V', 5, 5, 330),
(331, 'V', 5, 5, 331),
(332, 'V', 5, 5, 332),
(333, 'V', 5, 5, 333),
(334, 'V', 5, 5, 334),
(335, 'V', 5, 5, 335),
(336, 'V', 5, 5, 336),
(337, 'V', 5, 5, 337),
(338, 'V', 5, 5, 338),
(339, 'V', 5, 5, 339),
(340, 'V', 5, 5, 340),
(341, 'V', 5, 5, 341),
(342, 'V', 5, 5, 342),
(343, 'V', 5, 5, 343),
(344, 'V', 5, 5, 344),
(345, 'V', 5, 5, 345),
(346, 'V', 5, 5, 346),
(347, 'V', 5, 5, 347),
(348, 'V', 5, 5, 348),
(349, 'V', 5, 5, 349),
(350, 'VI', 6, 6, 350),
(351, 'VI', 6, 6, 351),
(352, 'VI', 6, 6, 352),
(353, 'VI', 6, 6, 353),
(354, 'VI', 6, 6, 354),
(355, 'VI', 6, 6, 355),
(356, 'VI', 6, 6, 356),
(357, 'VI', 6, 6, 357),
(358, 'VI', 6, 6, 358),
(359, 'VI', 6, 6, 359),
(360, 'VI', 6, 6, 360),
(361, 'VI', 6, 6, 361),
(362, 'VI', 6, 6, 362),
(363, 'VI', 6, 6, 363),
(364, 'VI', 6, 6, 364),
(365, 'VI', 6, 6, 365),
(366, 'VI', 6, 6, 366),
(367, 'VI', 6, 6, 367),
(368, 'VI', 6, 6, 368),
(369, 'VI', 6, 6, 369),
(370, 'VI', 6, 6, 370),
(371, 'VI', 6, 6, 371),
(372, 'VI', 6, 6, 372),
(373, 'VI', 6, 6, 373),
(374, 'VI', 6, 6, 374),
(375, 'VI', 6, 6, 375),
(376, 'VI', 6, 6, 376),
(377, 'VI', 6, 6, 377),
(378, 'VI', 6, 6, 378),
(379, 'VI', 6, 6, 379),
(380, 'VI', 6, 6, 380),
(381, 'VI', 6, 6, 381),
(382, 'VI', 6, 6, 382),
(383, 'VI', 6, 6, 383),
(384, 'VI', 6, 6, 384),
(385, 'VI', 6, 6, 385),
(386, 'VI', 6, 6, 386),
(387, 'VI', 6, 6, 387),
(388, 'VI', 6, 6, 388),
(389, 'VI', 6, 6, 389),
(390, 'VI', 6, 6, 390),
(391, 'VI', 6, 6, 391),
(392, 'VI', 6, 6, 392),
(393, 'VI', 6, 6, 393),
(394, 'VI', 6, 6, 394),
(395, 'VI', 6, 6, 395),
(396, 'VI', 6, 6, 396),
(397, 'VI', 6, 6, 397),
(398, 'VI', 6, 6, 398),
(399, 'VI', 6, 6, 399),
(400, 'VI', 6, 6, 400),
(401, 'VI', 6, 6, 401),
(402, 'VI', 6, 6, 402),
(403, 'VI', 6, 6, 403),
(404, 'VI', 6, 6, 404),
(405, 'VI', 6, 6, 405),
(406, 'VI', 6, 6, 406),
(407, 'VI', 6, 6, 407),
(408, 'VI', 6, 6, 408),
(409, 'VI', 6, 6, 409),
(410, 'VI', 6, 6, 410),
(411, 'VI', 6, 6, 411),
(412, 'VI', 6, 6, 412),
(413, 'VI', 6, 6, 413),
(414, 'VI', 6, 6, 414),
(415, 'VI', 6, 6, 415),
(416, 'VI', 6, 6, 416),
(417, 'VI', 6, 6, 417),
(418, 'VI', 6, 6, 418),
(419, 'VI', 6, 6, 419),
(420, 'VI', 6, 6, 420),
(421, 'VI', 6, 6, 421),
(422, 'VI', 6, 6, 422),
(423, 'VI', 6, 6, 423),
(424, 'VI', 6, 6, 424),
(425, 'VI', 6, 6, 425),
(426, 'VI', 6, 6, 426),
(427, 'VI', 6, 6, 427),
(428, 'VI', 6, 6, 428),
(429, 'VI', 6, 6, 429),
(430, 'VI', 6, 6, 430),
(431, 'VI', 6, 6, 431),
(432, 'VII', 7, 7, 432),
(433, 'VII', 7, 7, 433),
(434, 'VII', 7, 7, 434),
(435, 'VII', 7, 7, 435),
(436, 'VII', 7, 7, 436),
(437, 'VII', 7, 7, 437),
(438, 'VII', 7, 7, 438),
(439, 'VII', 7, 7, 439),
(440, 'VII', 7, 7, 440),
(441, 'VII', 7, 7, 441),
(442, 'VII', 7, 7, 442),
(443, 'VII', 7, 7, 443),
(444, 'VII', 7, 7, 444),
(445, 'VII', 7, 7, 445),
(446, 'VII', 7, 7, 446),
(447, 'VII', 7, 7, 447),
(448, 'VII', 7, 7, 448),
(449, 'VII', 7, 7, 449),
(450, 'VII', 7, 7, 450),
(451, 'VII', 7, 7, 451),
(452, 'VII', 7, 7, 452),
(453, 'VII', 7, 7, 453),
(454, 'VII', 7, 7, 454),
(455, 'VII', 7, 7, 455),
(456, 'VII', 7, 7, 456),
(457, 'VII', 7, 7, 457),
(458, 'VII', 7, 7, 458),
(459, 'VII', 7, 7, 459),
(460, 'VII', 7, 7, 460),
(461, 'VII', 7, 7, 461),
(462, 'VII', 7, 7, 462),
(463, 'VII', 7, 7, 463),
(464, 'VII', 7, 7, 464),
(465, 'VII', 7, 7, 465),
(466, 'VII', 7, 7, 466),
(467, 'VII', 7, 7, 467),
(468, 'VII', 7, 7, 468),
(469, 'VII', 7, 7, 469),
(470, 'VII', 7, 7, 470),
(471, 'VII', 7, 7, 471),
(472, 'VII', 7, 7, 472),
(473, 'VII', 7, 7, 473),
(474, 'VII', 7, 7, 474),
(475, 'VII', 7, 7, 475),
(476, 'VIII', 4, 8, 476),
(477, 'VIII', 4, 8, 477),
(478, 'VIII', 4, 8, 478),
(479, 'VIII', 4, 8, 479),
(480, 'VIII', 4, 8, 480),
(481, 'VIII', 4, 8, 481),
(482, 'VIII', 4, 8, 482),
(483, 'VIII', 4, 8, 483),
(484, 'VIII', 4, 8, 484),
(485, 'VIII', 4, 8, 485),
(486, 'VIII', 4, 8, 486),
(487, 'VIII', 4, 8, 487),
(488, 'VIII', 4, 8, 488),
(489, 'VIII', 4, 8, 489),
(490, 'VIII', 4, 8, 490),
(491, 'VIII', 4, 8, 491),
(492, 'VIII', 4, 8, 492),
(493, 'VIII', 4, 8, 493),
(494, 'IX', 8, 9, 494),
(495, 'IX', 8, 9, 495),
(496, 'IX', 8, 9, 496),
(497, 'IX', 8, 9, 497),
(498, 'IX', 8, 9, 498),
(499, 'IX', 8, 9, 499),
(500, 'IX', 8, 9, 500),
(501, 'IX', 8, 9, 501),
(502, 'IX', 8, 9, 502),
(503, 'IX', 8, 9, 503),
(504, 'IX', 8, 9, 504),
(505, 'IX', 8, 9, 505),
(506, 'IX', 8, 9, 506),
(507, 'IX', 8, 9, 507),
(508, 'IX', 8, 9, 508),
(509, 'IX', 8, 9, 509),
(510, 'IX', 8, 9, 510),
(511, 'IX', 8, 9, 511),
(512, 'IX', 8, 9, 512),
(513, 'IX', 8, 9, 513),
(514, 'IX', 8, 9, 514),
(515, 'IX', 8, 9, 515),
(516, 'IX', 8, 9, 516),
(517, 'IX', 8, 9, 517),
(518, 'IX', 8, 9, 518),
(519, 'IX', 8, 9, 519),
(520, 'IX', 8, 9, 520),
(521, 'IX', 8, 9, 521),
(522, 'IX', 8, 9, 522),
(523, 'IX', 8, 9, 523),
(524, 'IX', 8, 9, 524),
(525, 'IX', 8, 9, 525),
(526, 'IX', 8, 9, 526),
(527, 'IX', 8, 9, 527),
(528, 'IX', 8, 9, 528),
(529, 'IX', 8, 9, 529),
(530, 'IX', 8, 9, 530),
(531, 'IX', 8, 9, 531),
(532, 'IX', 8, 9, 532),
(533, 'IX', 8, 9, 533),
(534, 'IX', 8, 9, 534),
(535, 'IX', 8, 9, 535),
(536, 'IX', 8, 9, 536),
(537, 'IX', 8, 9, 537),
(538, 'IX', 8, 9, 538),
(539, 'IX', 8, 9, 539),
(540, 'IX', 8, 9, 540),
(541, 'IX', 8, 9, 541),
(542, 'IX', 8, 9, 542),
(543, 'IX', 8, 9, 543),
(544, 'IX', 8, 9, 544),
(545, 'IX', 8, 9, 545),
(546, 'IX', 8, 9, 546),
(547, 'IX', 8, 9, 547),
(548, 'IX', 8, 9, 548),
(549, 'IX', 8, 9, 549),
(550, 'IX', 8, 9, 550),
(551, 'IX', 8, 9, 551),
(552, 'IX', 8, 9, 552),
(553, 'IX', 8, 9, 553),
(554, 'IX', 8, 9, 554),
(555, 'IX', 8, 9, 555),
(556, 'IX', 8, 9, 556),
(557, 'IX', 8, 9, 557),
(558, 'IX', 8, 9, 558),
(559, 'IX', 8, 9, 559),
(560, 'IX', 8, 9, 560),
(561, 'IX', 8, 9, 561),
(562, 'IX', 8, 9, 562),
(563, 'IX', 8, 9, 563),
(564, 'IX', 8, 9, 564),
(565, 'IX', 8, 9, 565),
(566, 'IX', 8, 9, 566),
(567, 'IX', 8, 9, 567),
(568, 'IX', 8, 9, 568),
(569, 'IX', 8, 9, 569),
(570, 'IX', 8, 9, 570),
(571, 'IX', 8, 9, 571),
(572, 'IX', 8, 9, 572),
(573, 'IX', 8, 9, 573),
(574, 'IX', 8, 9, 574),
(575, 'IX', 8, 9, 575),
(576, 'IX', 8, 9, 576),
(577, 'IX', 8, 9, 577),
(578, 'IX', 8, 9, 578),
(579, 'IX', 8, 9, 579),
(580, 'IX', 8, 9, 580),
(581, 'IX', 8, 9, 581),
(582, 'IX', 8, 9, 582),
(583, 'IX', 8, 9, 583),
(584, 'IX', 8, 9, 584),
(585, 'IX', 8, 9, 585),
(586, 'IX', 8, 9, 586),
(587, 'IX', 8, 9, 587),
(588, 'IX', 8, 9, 588),
(589, 'IX', 8, 9, 589),
(590, 'IX', 8, 9, 590),
(591, 'IX', 8, 9, 591),
(592, 'IX', 8, 9, 592),
(593, 'IX', 8, 9, 593),
(594, 'X', 9, 10, 594),
(595, 'X', 9, 10, 595),
(596, 'X', 9, 10, 596),
(597, 'X', 9, 10, 597),
(598, 'X', 9, 10, 598),
(599, 'X', 9, 10, 599),
(600, 'X', 9, 10, 600),
(601, 'X', 9, 10, 601),
(602, 'X', 9, 10, 602),
(603, 'X', 9, 10, 603),
(604, 'X', 9, 10, 604),
(605, 'X', 9, 10, 605),
(606, 'X', 9, 10, 606),
(607, 'X', 9, 10, 607),
(608, 'X', 9, 10, 608),
(609, 'X', 9, 10, 609),
(610, 'XI', 10, 11, 610),
(611, 'XI', 10, 11, 611),
(612, 'XI', 10, 11, 612),
(613, 'XI', 10, 11, 613),
(614, 'XI', 10, 11, 614),
(615, 'XI', 10, 11, 615),
(616, 'XI', 10, 11, 616),
(617, 'XI', 10, 11, 617),
(618, 'XI', 10, 11, 618),
(619, 'XI', 10, 11, 619),
(620, 'XI', 10, 11, 620),
(621, 'XI', 10, 11, 621),
(622, 'XI', 10, 11, 622),
(623, 'XI', 10, 11, 623),
(624, 'XI', 10, 11, 624),
(625, 'XI', 10, 11, 625),
(626, 'XI', 10, 11, 626),
(627, 'XI', 10, 11, 627),
(628, 'XI', 10, 11, 628),
(629, 'XI', 10, 11, 629),
(630, 'XI', 10, 11, 630),
(631, 'XI', 10, 11, 631),
(632, 'XI', 10, 11, 632),
(633, 'XI', 10, 11, 633),
(634, 'XI', 10, 11, 634),
(635, 'XI', 10, 11, 635),
(636, 'XI', 10, 11, 636),
(637, 'XI', 10, 11, 637),
(638, 'XI', 10, 11, 638),
(639, 'XI', 10, 11, 639),
(640, 'XI', 10, 11, 640),
(641, 'XI', 10, 11, 641),
(642, 'XII', 11, 12, 642),
(643, 'XII', 11, 12, 643),
(644, 'XII', 11, 12, 644),
(645, 'XII', 11, 12, 645),
(646, 'XII', 11, 12, 646),
(647, 'XII', 11, 12, 647),
(648, 'XII', 11, 12, 648),
(649, 'XII', 11, 12, 649),
(650, 'XII', 11, 12, 650),
(651, 'XII', 11, 12, 651),
(652, 'XII', 11, 12, 652),
(653, 'XII', 11, 12, 653),
(654, 'XII', 11, 12, 654),
(655, 'XII', 11, 12, 655),
(656, 'XII', 11, 12, 656),
(657, 'XII', 11, 12, 657),
(658, 'XII', 11, 12, 658),
(659, 'XII', 11, 12, 659),
(660, 'XII', 11, 12, 660),
(661, 'XII', 11, 12, 661),
(662, 'XII', 11, 12, 662),
(663, 'XII', 11, 12, 663),
(664, 'XII', 11, 12, 664),
(665, 'XII', 11, 12, 665),
(666, 'XII', 11, 12, 666),
(667, 'XII', 11, 12, 667),
(668, 'XII', 11, 12, 668),
(669, 'XII', 11, 12, 669),
(670, 'XII', 11, 12, 670),
(671, 'XII', 11, 12, 671),
(672, 'XII', 11, 12, 672),
(673, 'XII', 11, 12, 673),
(674, 'XII', 11, 12, 674),
(675, 'XII', 11, 12, 675),
(676, 'XII', 11, 12, 676),
(677, 'XII', 11, 12, 677),
(678, 'XII', 11, 12, 678),
(679, 'XII', 11, 12, 679),
(680, 'XII', 11, 12, 680),
(681, 'XII', 11, 12, 681),
(682, 'XII', 11, 12, 682),
(683, 'XII', 11, 12, 683),
(684, 'XII', 11, 12, 684),
(685, 'XII', 11, 12, 685),
(686, 'XII', 11, 12, 686),
(687, 'XII', 11, 12, 687),
(688, 'XII', 11, 12, 688),
(689, 'XII', 11, 12, 689),
(690, 'XII', 11, 12, 690),
(691, 'XII', 11, 12, 691),
(692, 'XII', 11, 12, 692),
(693, 'XII', 11, 12, 693),
(694, 'XII', 11, 12, 694),
(695, 'XII', 11, 12, 695),
(696, 'XII', 11, 12, 696),
(697, 'XII', 11, 12, 697),
(698, 'XII', 11, 12, 698),
(699, 'XII', 11, 12, 699),
(700, 'XII', 11, 12, 700),
(701, 'XII', 11, 12, 701),
(702, 'XII', 11, 12, 702),
(703, 'XII', 11, 12, 703),
(704, 'XII', 11, 12, 704),
(705, 'XII', 11, 12, 705),
(706, 'XII', 11, 12, 706),
(707, 'XII', 11, 12, 707),
(708, 'XII', 11, 12, 708),
(709, 'XII', 11, 12, 709),
(710, 'XII', 11, 12, 710),
(711, 'XII', 11, 12, 711),
(712, 'XII', 11, 12, 712),
(713, 'XII', 11, 12, 713),
(714, 'XII', 11, 12, 714),
(715, 'XII', 11, 12, 715),
(716, 'XII', 11, 12, 716),
(717, 'XII', 11, 12, 717),
(718, 'XII', 11, 12, 718),
(719, 'XII', 11, 12, 719),
(720, 'XII', 11, 12, 720),
(721, 'XII', 11, 12, 721),
(722, 'XII', 11, 12, 722),
(723, 'XII', 11, 12, 723),
(724, 'XII', 11, 12, 724),
(725, 'XII', 11, 12, 725),
(726, 'XII', 11, 12, 726),
(727, 'XII', 11, 12, 727),
(728, 'XII', 11, 12, 728),
(729, 'XII', 11, 12, 729),
(730, 'XII', 11, 12, 730),
(731, 'XII', 11, 12, 731),
(732, 'XII', 11, 12, 732),
(733, 'XII', 11, 12, 733),
(734, 'XII', 11, 12, 734),
(735, 'XII', 11, 12, 735),
(736, 'XII', 11, 12, 736),
(737, 'XII', 11, 12, 737),
(738, 'XII', 11, 12, 738),
(739, 'XII', 11, 12, 739),
(740, 'XII', 11, 12, 740),
(741, 'XII', 11, 12, 741),
(742, 'XII', 11, 12, 742),
(743, 'XIII', 6, 13, 743),
(744, 'XIII', 6, 13, 744),
(745, 'XIII', 6, 13, 745),
(746, 'XIII', 6, 13, 746),
(747, 'XIII', 6, 13, 747),
(748, 'XIII', 6, 13, 748),
(749, 'XIII', 6, 13, 749),
(750, 'XIII', 6, 13, 750),
(751, 'XIII', 6, 13, 751),
(752, 'XIII', 6, 13, 752),
(753, 'XIII', 6, 13, 753),
(754, 'XIII', 6, 13, 754),
(755, 'XIII', 6, 13, 755),
(756, 'XIII', 6, 13, 756),
(757, 'XIII', 6, 13, 757),
(758, 'XIII', 6, 13, 758),
(759, 'XIII', 6, 13, 759),
(760, 'XIII', 6, 13, 760),
(761, 'XIII', 6, 13, 761),
(762, 'XIII', 6, 13, 762),
(763, 'XIII', 6, 13, 763),
(764, 'XIII', 6, 13, 764),
(765, 'XIII', 6, 13, 765),
(766, 'XIII', 6, 13, 766),
(767, 'XIII', 6, 13, 767),
(768, 'XIII', 6, 13, 768),
(769, 'XIII', 6, 13, 769),
(770, 'XIII', 6, 13, 770),
(771, 'XIII', 6, 13, 771),
(772, 'XIII', 6, 13, 772),
(773, 'XIII', 6, 13, 773),
(774, 'XIII', 6, 13, 774),
(775, 'XIII', 6, 13, 775),
(776, 'XIII', 6, 13, 776),
(777, 'XIII', 6, 13, 777),
(778, 'XIII', 6, 13, 778),
(779, 'XIII', 6, 13, 779),
(780, 'XIII', 6, 13, 780),
(781, 'XIII', 6, 13, 781),
(782, 'XIII', 6, 13, 782),
(783, 'XIII', 6, 13, 783),
(784, 'XIII', 6, 13, 784),
(785, 'XIII', 6, 13, 785),
(786, 'XIII', 6, 13, 786),
(787, 'XIII', 6, 13, 787),
(788, 'XIII', 6, 13, 788),
(789, 'XIII', 6, 13, 789),
(790, 'XIII', 6, 13, 790),
(791, 'XIII', 6, 13, 791),
(792, 'XIII', 6, 13, 792),
(793, 'XIII', 6, 13, 793),
(794, 'XIII', 6, 13, 794),
(795, 'XIII', 6, 13, 795),
(796, 'XIII', 6, 13, 796),
(797, 'XIII', 6, 13, 797),
(798, 'XIII', 6, 13, 798),
(799, 'XIII', 6, 13, 799),
(800, 'XIII', 6, 13, 800),
(801, 'XIII', 6, 13, 801),
(802, 'XIII', 6, 13, 802),
(803, 'XIII', 6, 13, 803),
(804, 'XIII', 6, 13, 804),
(805, 'XIII', 6, 13, 805),
(806, 'XIII', 6, 13, 806),
(807, 'XIII', 6, 13, 807),
(808, 'XIII', 6, 13, 808),
(809, 'XIII', 6, 13, 809),
(810, 'XIII', 6, 13, 810),
(811, 'XIII', 6, 13, 811),
(812, 'XIII', 6, 13, 812),
(813, 'XIII', 6, 13, 813),
(814, 'XIII', 6, 13, 814),
(815, 'XIII', 6, 13, 815),
(816, 'XIII', 6, 13, 816),
(817, 'XIII', 6, 13, 817),
(818, 'XIII', 6, 13, 818),
(819, 'XIII', 6, 13, 819),
(820, 'XIII', 6, 13, 820),
(821, 'XIII', 6, 13, 821),
(822, 'XIII', 6, 13, 822),
(823, 'XIII', 6, 13, 823),
(824, 'XIII', 6, 13, 824),
(825, 'XIII', 6, 13, 825),
(826, 'XIII', 6, 13, 826),
(827, 'XIII', 6, 13, 827),
(828, 'XIII', 6, 13, 828),
(829, 'XIII', 6, 13, 829),
(830, 'XIII', 6, 13, 830),
(831, 'XIII', 6, 13, 831),
(832, 'XIII', 6, 13, 832),
(833, 'XIII', 6, 13, 833),
(834, 'XIII', 6, 13, 834),
(835, 'XIII', 6, 13, 835),
(836, 'XIII', 6, 13, 836),
(837, 'XIII', 6, 13, 837),
(838, 'XIII', 6, 13, 838),
(839, 'XIII', 6, 13, 839),
(840, 'XIII', 6, 13, 840),
(841, 'XIII', 6, 13, 841),
(842, 'XIII', 6, 13, 842),
(843, 'XIII', 6, 13, 843),
(844, 'XIII', 6, 13, 844),
(845, 'XIII', 6, 13, 845),
(846, 'XIII', 6, 13, 846),
(847, 'XIII', 6, 13, 847),
(848, 'XIII', 6, 13, 848),
(849, 'XIII', 6, 13, 849),
(850, 'XIII', 6, 13, 850),
(851, 'XIII', 6, 13, 851),
(852, 'XIII', 6, 13, 852),
(853, 'XIII', 6, 13, 853),
(854, 'XIII', 6, 13, 854),
(855, 'XIII', 6, 13, 855),
(856, 'XIII', 6, 13, 856),
(857, 'XIII', 6, 13, 857),
(858, 'XIII', 6, 13, 858),
(859, 'XIII', 6, 13, 859),
(860, 'XIII', 6, 13, 860),
(861, 'XIII', 6, 13, 861),
(862, 'XIII', 6, 13, 862),
(863, 'XIII', 6, 13, 863),
(864, 'XIII', 6, 13, 864),
(865, 'XIII', 6, 13, 865),
(866, 'XIII', 6, 13, 866),
(867, 'XIII', 6, 13, 867),
(868, 'XIII', 6, 13, 868),
(869, 'XIII', 6, 13, 869),
(870, 'XIII', 6, 13, 870),
(871, 'XIII', 6, 13, 871),
(872, 'XIII', 6, 13, 872),
(873, 'XIII', 6, 13, 873),
(874, 'XIII', 6, 13, 874),
(875, 'XIII', 6, 13, 875),
(876, 'XIII', 6, 13, 876),
(877, 'XIII', 6, 13, 877),
(878, 'XIII', 6, 13, 878),
(879, 'XIII', 6, 13, 879),
(880, 'XIII', 6, 13, 880),
(881, 'XIII', 6, 13, 881),
(882, 'XIII', 6, 13, 882),
(883, 'XIII', 6, 13, 883),
(884, 'XIII', 6, 13, 884),
(885, 'XIII', 6, 13, 885),
(886, 'XIII', 6, 13, 886),
(887, 'XIII', 6, 13, 887),
(888, 'XIII', 6, 13, 888),
(889, 'XIV', 12, 14, 889),
(890, 'XIV', 12, 14, 890),
(891, 'XIV', 12, 14, 891),
(892, 'XIV', 12, 14, 892),
(893, 'XIV', 12, 14, 893),
(894, 'XIV', 12, 14, 894),
(895, 'XIV', 12, 14, 895),
(896, 'XIV', 12, 14, 896),
(897, 'XIV', 12, 14, 897),
(898, 'XIV', 12, 14, 898),
(899, 'XIV', 12, 14, 899),
(900, 'XIV', 12, 14, 900),
(901, 'XIV', 12, 14, 901),
(902, 'XIV', 12, 14, 902),
(903, 'XIV', 12, 14, 903),
(904, 'XIV', 12, 14, 904),
(905, 'XIV', 12, 14, 905),
(906, 'XIV', 12, 14, 906),
(907, 'XIV', 12, 14, 907),
(908, 'XIV', 12, 14, 908),
(909, 'XIV', 12, 14, 909),
(910, 'XIV', 12, 14, 910),
(911, 'XV', 6, 15, 911),
(912, 'XV', 6, 15, 912),
(913, 'XV', 6, 15, 913),
(914, 'XV', 6, 15, 914),
(915, 'XV', 6, 15, 915),
(916, 'XV', 6, 15, 916),
(917, 'XV', 6, 15, 917),
(918, 'XV', 6, 15, 918),
(919, 'XV', 6, 15, 919),
(920, 'XV', 6, 15, 920),
(921, 'XV', 6, 15, 921),
(922, 'XV', 6, 15, 922),
(923, 'XV', 6, 15, 923),
(924, 'XV', 6, 15, 924),
(925, 'XV', 6, 15, 925),
(926, 'XV', 6, 15, 926),
(927, 'XV', 6, 15, 927),
(928, 'XV', 6, 15, 928),
(929, 'XV', 6, 15, 929),
(930, 'XV', 6, 15, 930),
(931, 'XV', 6, 15, 931),
(932, 'XV', 6, 15, 932),
(933, 'XV', 6, 15, 933),
(934, 'XV', 6, 15, 934),
(935, 'XV', 6, 15, 935),
(936, 'XV', 6, 15, 936),
(937, 'XV', 6, 15, 937),
(938, 'XV', 6, 15, 938),
(939, 'XV', 6, 15, 939),
(940, 'XV', 6, 15, 940),
(941, 'XV', 6, 15, 941),
(942, 'XV', 6, 15, 942),
(943, 'XV', 6, 15, 943),
(944, 'XV', 6, 15, 944),
(945, 'XV', 6, 15, 945),
(946, 'XV', 6, 15, 946),
(947, 'XV', 6, 15, 947),
(948, 'XV', 6, 15, 948),
(949, 'XV', 6, 15, 949),
(950, 'XV', 6, 15, 950),
(951, 'XV', 6, 15, 951),
(952, 'XV', 6, 15, 952),
(953, 'XV', 6, 15, 953),
(954, 'XV', 6, 15, 954),
(955, 'XV', 6, 15, 955),
(956, 'XV', 6, 15, 956),
(957, 'XV', 6, 15, 957),
(958, 'XV', 6, 15, 958),
(959, 'XV', 6, 15, 959),
(960, 'XVI', 13, 16, 960),
(961, 'XVI', 13, 16, 961),
(962, 'XVI', 13, 16, 962),
(963, 'XVI', 13, 16, 963),
(964, 'XVI', 13, 16, 964),
(965, 'XVI', 13, 16, 965),
(966, 'XVI', 13, 16, 966),
(967, 'XVI', 13, 16, 967),
(968, 'XVI', 13, 16, 968),
(969, 'XVI', 13, 16, 969),
(970, 'XVI', 13, 16, 970),
(971, 'XVI', 13, 16, 971),
(972, 'XVI', 13, 16, 972),
(973, 'XVI', 13, 16, 973),
(974, 'XVI', 13, 16, 974),
(975, 'XVI', 13, 16, 975),
(976, 'XVI', 13, 16, 976),
(977, 'XVI', 13, 16, 977),
(978, 'XVI', 13, 16, 978),
(979, 'XVI', 13, 16, 979),
(980, 'XVI', 13, 16, 980),
(981, 'XVI', 13, 16, 981),
(982, 'XVI', 13, 16, 982),
(983, 'XVI', 13, 16, 983),
(984, 'XVI', 13, 16, 984),
(985, 'XVI', 13, 16, 985),
(986, 'XVI', 13, 16, 986),
(987, 'XVI', 13, 16, 987),
(988, 'XVI', 13, 16, 988),
(989, 'XVI', 13, 16, 989),
(990, 'XVI', 13, 16, 990),
(991, 'XVI', 13, 16, 991),
(992, 'XVI', 13, 16, 992),
(993, 'XVI', 13, 16, 993),
(994, 'XVI', 13, 16, 994),
(995, 'XVI', 13, 16, 995),
(996, 'XVI', 13, 16, 996),
(997, 'XVI', 13, 16, 997),
(998, 'XVI', 13, 16, 998),
(999, 'XVI', 13, 16, 999),
(1000, 'XVI', 13, 16, 1000),
(1001, 'XVII', 1, 1, 1),
(1002, 'XVII', 1, 1, 54),
(1003, 'XVII', 1, 1, 68),
(1004, 'XVII', 1, 1, 91),
(1005, 'XVII', 1, 1, 124),
(1006, 'XVIII', 1, 1, 1),
(1007, 'XVIII', 1, 1, 5),
(1008, 'XVIII', 1, 1, 51),
(1009, 'XVIII', 1, 1, 74),
(1010, 'XVIII', 1, 1, 123),
(1011, 'XVIII', 1, 1, 154),
(1012, 'XIX', 2, 2, 18),
(1013, 'XIX', 2, 2, 85),
(1014, 'XIX', 2, 2, 234),
(1015, 'XIX', 2, 2, 316),
(1016, 'XIX', 2, 2, 419),
(1017, 'XIX', 2, 2, 802),
(1018, 'XX', 13, 16, 984),
(1019, 'XX', 13, 16, 985),
(1022, 'XXI', 2, 2, 752),
(1023, 'XXI', 2, 2, 810),
(1024, 'XXI', 2, 2, 25),
(1025, 'XXI', 2, 2, 315),
(1026, 'XXI', 2, 2, 723),
(1027, 'XXI', 2, 2, 456),
(1028, 'XXI', 2, 2, 910),
(1029, 'XXII', 1, 1, 1),
(1030, 'XXIII', 2, 2, 18);

-- --------------------------------------------------------

--
-- Table structure for table `heros`
--

DROP TABLE IF EXISTS `heros`;
CREATE TABLE IF NOT EXISTS `heros` (
  `ID` int(11) NOT NULL AUTO_INCREMENT,
  `Nom` varchar(255) NOT NULL,
  `Prenom` varchar(255) DEFAULT NULL,
  PRIMARY KEY (`ID`)
) ENGINE=InnoDB AUTO_INCREMENT=1001 DEFAULT CHARSET=latin1;

--
-- Dumping data for table `heros`
--

INSERT INTO `heros` (`ID`, `Nom`, `Prenom`) VALUES
(1, '  Desma', ' Thomas'),
(2, '  Dea', ' Aineas'),
(3, '  Hippolyte', ' Zosimo'),
(4, '  Calla', ' Krischnan'),
(5, '  Terry', ' Pippo'),
(6, '  Amaranth', ' Jaycen'),
(7, '  Eurayle', ' Abderus'),
(8, '  Theophilia', ' Parthenios'),
(9, '  Jacintha', ' Eurystheus'),
(10, '  Zephyra', ' Seorsa'),
(11, '  Theodosia', ' Iapetus'),
(12, '  Thina', ' Stephano'),
(13, '  Kynthia', ' Narkis'),
(14, '  Myrtis', ' Loxias'),
(15, '  Nyla', ' Celeus'),
(16, '  Syna', ' Hephaestus'),
(17, '  Althea', ' Kosmas'),
(18, '  Trine', ' Nemos'),
(19, '  Sofi', ' Kaj'),
(20, '  Astraea', ' Tyndareus'),
(21, '  Adara', ' Tymoteusz'),
(22, '  Rue', ' Polymestor'),
(23, '  Meleta', ' Peder'),
(24, '  Dorianna', ' Carolos'),
(25, '  Lissandra', ' Deucalion'),
(26, '  Chryseis', ' Nikkos'),
(27, '  Gredel', ' Demetri'),
(28, '  Penine', ' Dard'),
(29, '  Strephon', ' Andreus'),
(30, '  Fate', ' Oedipus'),
(31, '  Alcippe', ' Kozma'),
(32, '  Gretal', ' Ascalaphus'),
(33, '  Tiana', ' Anastagio'),
(34, '  Tia', ' Carolos'),
(35, '  Baibin', ' Polycarp'),
(36, '  Melanthe', ' Asopus'),
(37, '  Panphila', ' Sarpedon'),
(38, '  Sebastiana', ' Poseidon'),
(39, '  Cindy', ' Peter'),
(40, '  Anastacia', ' Oeneus'),
(41, '  Iris', ' Osias'),
(42, '  Anticlea', ' Carolos'),
(43, '  Althaea', ' Xanthus'),
(44, '  Osanna', ' Christophoros'),
(45, '  Katharine', ' Melancton'),
(46, '  Hydra', ' Iorgas'),
(47, '  Selena', ' Halithersis'),
(48, '  Uriana', ' Ascalaphus'),
(49, '  Roseanne', ' Theophilus'),
(50, '  Astraea', ' Aristotle'),
(51, '  Jacynth', ' Arri'),
(52, '  Natassia', ' Prophyrios'),
(53, '  Myrtisa', ' Andreus'),
(54, '  Tressam', ' Demetre'),
(55, '  Melena', ' Pietr'),
(56, '  Eugena', ' Aeacus'),
(57, '  Cynara', ' Nick'),
(58, '  Atalanta', ' Coridan'),
(59, '  Hester', ' Peterke'),
(60, '  Jocasta', ' Kyrillos'),
(61, '  Melantho', ' Cyrille'),
(62, '  Katarin', ' Arkhippos'),
(63, '  Phoena', ' Dolius'),
(64, '  Delbin', ' Idas'),
(65, '  Chryssa', ' Klaasr'),
(66, '  Meleda', ' Cetus'),
(67, '  Alannis', ' Eurus'),
(68, '  Dido', ' Alexandras'),
(69, '  Theophila', ' Aeolus'),
(70, '  Varvara', ' Galinthias'),
(71, '  Malvine', ' Nicholaus'),
(72, '  Doralie', ' Christoph'),
(73, '  Reta', ' Drakon'),
(74, '  Airla', ' Cadmus'),
(75, '  Ambrotosa', ' Homeros'),
(76, '  Sapphire', ' Zetes'),
(77, '  Delbin', ' Eurus'),
(78, '  Ismene', ' Orrin'),
(79, '  Zebina', ' Alexander'),
(80, '  Irynia', ' Dorion'),
(81, '  Phylis', ' Nemos'),
(82, '  Amethyst', ' Damasko'),
(83, '  Thenomia', ' Petter'),
(84, '  Madeline', ' Aiakos'),
(85, '  Calysta', ' Chiron'),
(86, '  Hesperia', ' Niklaus'),
(87, '  Saba', ' Theodosios'),
(88, '  Alvis', ' Thomas'),
(89, '  Ianthina', ' Damyon'),
(90, '  Hestia', ' Xeno'),
(91, '  Andrena', ' Keril'),
(92, '  Katarin', ' Trophonius'),
(93, '  Nichole', ' Leksi'),
(94, '  Xylona', ' Acis'),
(95, '  Canisa', ' Ampyx'),
(96, '  Orea', ' Ascalaphus'),
(97, '  Tryna', ' Absyrtus'),
(98, '  Thalia', ' Theodis'),
(99, '  Nellis', ' Orestes'),
(100, '  Eudosis', ' Aniol'),
(101, '  Sybyl', ' Aniol'),
(102, '  Calysta', ' Christoffel'),
(103, '  Metea', ' Marcario'),
(104, '  Jacintha', ' Steven'),
(105, '  Letha', ' Calidan'),
(106, '  Strep', ' Gelasius'),
(107, '  Sibylla', ' Aleksandr'),
(108, '  Pelagia', ' Pylades'),
(109, '  Mindy', ' Andy'),
(110, '  Alannis', ' Cecrops'),
(111, '  Nerina', ' Telemachus'),
(112, '  Nathacha', ' Dorean'),
(113, '  Teofilia', ' Cocytus'),
(114, '  Alyssa', ' Menoeceus'),
(115, '  Augustina', ' Dionysius'),
(116, '  Deetra', ' Georges'),
(117, '  Dorota', ' Chiyses'),
(118, '  Iren', ' Nyke'),
(119, '  Koren', ' Atreides'),
(120, '  Mnemosyne', ' Aineas'),
(121, '  Nireta', ' Titus'),
(122, '  Aetna', ' Zeth'),
(123, '  Ica', ' Capaneus'),
(124, '  Nausicaa', ' George'),
(125, '  Pamela', ' Galinthias'),
(126, '  Pamelia', ' Androu'),
(127, '  Aqua', ' Anatolijus'),
(128, '  Zoelie', ' Polyeidus'),
(129, '  Nicoletta', ' Pyrrhus'),
(130, '  Zsofia', ' Pyrrhus'),
(131, '  Christianna', ' Philipp'),
(132, '  Margareta', ' Oedipus'),
(133, '  Kairos', ' Jorgenr'),
(134, '  Sibilla', ' Narkis'),
(135, '  Veronika', ' Andy'),
(136, '  Catheryna', ' Agamedes'),
(137, '  Stefinia', ' Eusebois'),
(138, '  Elefteria', ' Igorr'),
(139, '  Cassandra', ' Athamas'),
(140, '  Euterpe', ' Jencir'),
(141, '  Roseanne', ' Kuirilr'),
(142, '  Eurydice', ' Alpheus'),
(143, '  Psyche', ' Matthias'),
(144, '  Apollonia', ' Toxeus'),
(145, '  Beryl', ' Anteros'),
(146, '  Pelopia', ' Sebestyen'),
(147, '  Hermandine', ' Iphides'),
(148, '  Kosmo', ' Alessandro'),
(149, '  Andreya', ' Asopus'),
(150, '  Kasondra', ' Eugenius'),
(151, '  Rhodia', ' Prophyrios'),
(152, '  Gretal', ' Eusebois'),
(153, '  Eunice', ' Aquilo'),
(154, '  Candance', ' Proteus'),
(155, '  Elysa', ' Tassos'),
(156, '  Sofia', ' Aniketos'),
(157, '  Cicada', ' Ettore'),
(158, '  Maryan', ' Atreides'),
(159, '  Panphila', ' Aristotelis'),
(160, '  Aleta', ' Turannos'),
(161, '  Angeliki', ' Damyon'),
(162, '  Vangie', ' Cerbeius'),
(163, '  Aspasia', ' Napolean'),
(164, '  Neola', ' Dennis'),
(165, '  Gryta', ' Christiano'),
(166, '  Graeae', ' Chiyses'),
(167, '  Gaea', ' Phrixus'),
(168, '  Ilon', ' Thamyris'),
(169, '  Caeneus', ' Oreste'),
(170, '  Sapphire', ' Agamedes'),
(171, '  Clio', ' Dardanus'),
(172, '  Stephenie', ' Ibycus'),
(173, '  Kalonice', ' Pietr'),
(174, '  Nefili', ' Anieli'),
(175, '  Rezi', ' Dymas'),
(176, '  Stheno', ' Seorsa'),
(177, '  Clematis', ' Bastiaan'),
(178, '  Korene', ' Sarpedon'),
(179, '  Ariadne', ' Ladon'),
(180, '  Sirina', ' Zeth'),
(181, '  Philadelphia', ' Cycnus'),
(182, '  Pyrena', ' Hippomenes'),
(183, '  Airla', ' Othello'),
(184, '  Gredel', ' Ambrus'),
(185, '  Venessa', ' Acis'),
(186, '  Philida', ' Kirylr'),
(187, '  Candice', ' Achilles'),
(188, '  Lachesis', ' Pelias'),
(189, '  Hermia', ' Papandrou'),
(190, '  Arethusa', ' Petey'),
(191, '  Teresa', ' Leksi'),
(192, '  Phila', ' Adrastos'),
(193, '  Giancinta', ' Polydamas'),
(194, '  Kasondra', ' Nicolaus'),
(195, '  Gredel', ' Teodors'),
(196, '  Eleanor', ' Astraeus'),
(197, '  Layna', ' Oreste'),
(198, '  Eudosis', ' Baccus'),
(199, '  Melpomene', ' Pancratius'),
(200, '  Achlys', ' Anael'),
(201, '  Lethe', ' Zeno'),
(202, '  Theophania', ' Calisto'),
(203, '  Andrianna', ' Telemachus'),
(204, '  Majorie', ' Iphitus'),
(205, '  Oleander', ' Takis'),
(206, '  Angelita', ' Theo'),
(207, '  Dore', ' Iorgas'),
(208, '  Atlas', ' Cyr'),
(209, '  Odelle', ' Dardanus'),
(210, '  Barabal', ' Dimitri'),
(211, '  Katriana', ' Acteon'),
(212, '  Atlas', ' Dareios'),
(213, '  Elysha', ' Aristides'),
(214, '  Melantha', ' Damyan'),
(215, '  Aglaia', ' Demophon'),
(216, '  Lashea', ' Mateo'),
(217, '  Andreya', ' Coeus'),
(218, '  Larisa', ' Turannos'),
(219, '  Themis', ' Esaias'),
(220, '  Anaxarete', ' Andonios'),
(221, '  Sybil', ' Philoetius'),
(222, '  Despina', ' Keril'),
(223, '  Christina', ' Coridan'),
(224, '  Theophila', ' Nicholas'),
(225, '  Lenore', ' Proteus'),
(226, '  Briseis', ' Nikos'),
(227, '  Stefinia', ' Gelasius'),
(228, '  Klazina', ' Eachann'),
(229, '  Penelope', ' Polydorus'),
(230, '  Melba', ' Anieli'),
(231, '  Eunomia', ' Kosmosr'),
(232, '  Anysia', ' Angell'),
(233, '  Lexi', ' Kirilr'),
(234, '  Alitta', ' Astro'),
(235, '  Iryna', ' Kristor'),
(236, '  Amphitrite', ' Arkhippos'),
(237, '  Andriana', ' Tivadar'),
(238, '  Charisma', ' Loxias'),
(239, '  Dorkas', ' Eurus'),
(240, '  Ismene', ' Andries'),
(241, '  Osanna', ' Krzysztofr'),
(242, '  Demetra', ' Anael'),
(243, '  Althea', ' Flip'),
(244, '  Alcmene', ' Nikolajis'),
(245, '  Cyrene', ' Staffen'),
(246, '  Euphemie', ' Erastus'),
(247, '  Narella', ' Nereus'),
(248, '  Malvine', ' Mopsus'),
(249, '  Minta', ' Orthros'),
(250, '  Ceyla', ' Demetre'),
(251, '  Lashea', ' Iphitus'),
(252, '  Kristin', ' Baccaus'),
(253, '  Aurora', ' Pertras'),
(254, '  Teresina', ' Nik'),
(255, '  Autonoe', ' Stamatis'),
(256, '  Media', ' Melanippus'),
(257, '  Eugenia', ' Halithersis'),
(258, '  Io', ' Pierro'),
(259, '  Delphina', ' Nyke'),
(260, '  Kristel', ' Idomeneus'),
(261, '  Akilina', ' Proteus'),
(262, '  Philomela', ' Eumaeus'),
(263, '  Linore', ' Cyryl'),
(264, '  Cirila', ' Papandrou'),
(265, '  Dorcas', ' Aristid'),
(266, '  Zelinia', ' Eros'),
(267, '  Tethys', ' Orestes'),
(268, '  Terisita', ' Adad'),
(269, '  Onyx', ' Damien'),
(270, '  Uriana', ' Iphitus'),
(271, '  Ilu', ' Irus'),
(272, '  Koren', ' Dorryen'),
(273, '  Zephyrine', ' Jerzyr'),
(274, '  Iolantha', ' Vasileios'),
(275, '  Dorkas', ' Krischanr'),
(276, '  Sidony', ' Cleytus'),
(277, '  Andromache', ' Pieter'),
(278, '  Ghita', ' Laomedon'),
(279, '  Philis', ' Piet'),
(280, '  Katinka', ' Balthasar'),
(281, '  Agave', ' Constantine'),
(282, '  Lysandra', ' Nikos'),
(283, '  Zenobe', ' Asopus'),
(284, '  Eleana', ' Polydorus'),
(285, '  Neona', ' Laocoon'),
(286, '  Anastacia', ' Phlegethon'),
(287, '  Agnella', ' Dimitur'),
(288, '  Elisse', ' Parthenios'),
(289, '  Aleta', ' Caseareo'),
(290, '  Alice', ' Guilio'),
(291, '  Eulalia', ' Estevao'),
(292, '  Naiya', ' Dinos'),
(293, '  Ocean', ' Tuder'),
(294, '  Dorianne', ' Thamyris'),
(295, '  Aliki', ' Mentor'),
(296, '  Alexa', ' Pandareos'),
(297, '  Aglauros', ' Lycurgus'),
(298, '  Christianna', ' Alcinoos'),
(299, '  Giancinta', ' Deiphobus'),
(300, '  Alithea', ' Ares'),
(301, '  Andromeda', ' Gregory'),
(302, '  Alpha', ' Gyoergy'),
(303, '  Kassondra', ' Calidan'),
(304, '  Myrtice', ' Damae'),
(305, '  Solstice', ' Nestor'),
(306, '  Melanctha', ' Anieli'),
(307, '  Rheta', ' Lenaia'),
(308, '  Cliantha', ' Anatolio'),
(309, '  Alitta', ' Laomedon'),
(310, '  Stefanie', ' Nicholas'),
(311, '  Eudoxia', ' Nicolaus'),
(312, '  Jacinda', ' Theros'),
(313, '  Tasha', ' Ampyx'),
(314, '  Zephyrine', ' Ladon'),
(315, '  Yalene', ' Dardanus'),
(316, '  Alvis', ' Sander'),
(317, '  Aegea', ' Halithersis'),
(318, '  Aliki', ' Jorgenr'),
(319, '  Varvara', ' Procrustes'),
(320, '  Hydra', ' Pyrrhus'),
(321, '  Kaia', ' Vasilis'),
(322, '  Erianthia', ' Otos'),
(323, '  Eleanor', ' Zaccheus'),
(324, '  Cirila', ' Cyrillus'),
(325, '  Polyxena', ' Hieronymus'),
(326, '  Delia', ' Aquilo'),
(327, '  Cythera', ' Gyorgy'),
(328, '  Iole', ' Midas'),
(329, '  Rhodanthe', ' Pello'),
(330, '  Ileana', ' Nauplius'),
(331, '  Catherine', ' Ollie'),
(332, '  Katarin', ' Euclid'),
(333, '  Agnek', ' Jorenr'),
(334, '  Syrinx', ' Krischanr'),
(335, '  Delphina', ' Hieronymus'),
(336, '  Lexy', ' Anteros'),
(337, '  Cyrene', ' Priapus'),
(338, '  Madora', ' Kadmus'),
(339, '  Urania', ' Jason'),
(340, '  Yolanda', ' Triptolemus'),
(341, '  Jacki', ' Midas'),
(342, '  Stephene', ' Kirilr'),
(343, '  Alexandina', ' Andries'),
(344, '  Dysis', ' Krisr'),
(345, '  Cassie', ' Pandareos'),
(346, '  Irena', ' Alastor'),
(347, '  Eileithyia', ' Pierro'),
(348, '  Eurynome', ' Kadmus'),
(349, '  Dalia', ' Baptiste'),
(350, '  Ophira', ' Dare'),
(351, '  Anstace', ' Niocol'),
(352, '  Posoula', ' Corban'),
(353, '  Elexa', ' Neo'),
(354, '  Cleopatra', ' Timoleon'),
(355, '  Dalila', ' Eros'),
(356, '  Catherine', ' Andreas'),
(357, '  Ceto', ' Laestrygones'),
(358, '  Autonoe', ' Abydos'),
(359, '  Clianthe', ' Eustachius'),
(360, '  Crysta', ' Aeolus'),
(361, '  Elektra', ' Abderus'),
(362, '  Desdemona', ' Artemas'),
(363, '  Dordie', ' Alcinous'),
(364, '  Maia', ' Kristr'),
(365, '  Dorota', ' Jayson'),
(366, '  Neoma', ' Adrastos'),
(367, '  Alexandra', ' Aristotelis'),
(368, '  Kristine', ' Gregorie'),
(369, '  Teresa', ' Estes'),
(370, '  Mona', ' Iorgas'),
(371, '  Iolantha', ' Baccaus'),
(372, '  Phaedra', ' Tyndareus'),
(373, '  Cynthia', ' Creon'),
(374, '  Celena', ' Zoello'),
(375, '  Kyna', ' Tiresias'),
(376, '  Callia', ' Aeetes'),
(377, '  Antigone', ' Rhoecus'),
(378, '  Cleantha', ' Dorean'),
(379, '  Arete', ' Aiakos'),
(380, '  Vara', ' Hades'),
(381, '  Theora', ' Ollie'),
(382, '  Sofi', ' Ctesippus'),
(383, '  Melpomene', ' Jorgr'),
(384, '  Atlas', ' Tityus'),
(385, '  Sibbie', ' Melanippus'),
(386, '  Sybyl', ' Dimitur'),
(387, '  Maris', ' Coridan'),
(388, '  Pyrenie', ' Isidore'),
(389, '  Kalyn', ' Ciro'),
(390, '  Aricia', ' Elpidios'),
(391, '  Terrie', ' Ganymede'),
(392, '  Moirai', ' Theodis'),
(393, '  Sibilla', ' Alcinous'),
(394, '  Malissa', ' Taxiarchai'),
(395, '  Acacia', ' Jencir'),
(396, '  Dasha', ' Telemachus'),
(397, '  Acnes', ' Kiril'),
(398, '  Venus', ' Feodras'),
(399, '  Neysa', ' Admetus'),
(400, '  Lexina', ' Alyosha'),
(401, '  Jacintha', ' Arsene'),
(402, '  Xyliana', ' Toribio'),
(403, '  Ate', ' Socrates'),
(404, '  Yalene', ' Procrustes'),
(405, '  Telma', ' Midas'),
(406, '  Alla', ' Bemus'),
(407, '  Cerelia', ' Amphion'),
(408, '  Lotus', ' Thad'),
(409, '  Erinyes', ' Vasyl'),
(410, '  Tressam', ' Ixion'),
(411, '  Tressa', ' Petr'),
(412, '  Rhonda', ' Admetus'),
(413, '  Sirena', ' Georget'),
(414, '  Philida', ' Proteus'),
(415, '  Madora', ' Sander'),
(416, '  Coralina', ' Aeacus'),
(417, '  Isaura', ' Kestorr'),
(418, '  Calista', ' Anndra'),
(419, '  Sibella', ' Neotolemus'),
(420, '  Zoia', ' Cyrillus'),
(421, '  Zsofie', ' Jorenr'),
(422, '  Grete', ' Dard'),
(423, '  Peggy', ' Alexandros'),
(424, '  Terry', ' Demetre'),
(425, '  Angelita', ' Nikodem'),
(426, '  Annastasia', ' Ixidorr'),
(427, '  Astrea', ' Maur'),
(428, '  Dorelia', ' Mentor'),
(429, '  Timothea', ' Orpheus'),
(430, '  Iole', ' Kyrillosr'),
(431, '  Ortygia', ' Athamas'),
(432, '  Delphina', ' Nestor'),
(433, '  Kristyna', ' Priam'),
(434, '  Calandra', ' Lippi'),
(435, '  Idylla', ' Nyke'),
(436, '  Giancinte', ' Damion'),
(437, '  Phylis', ' Jasen'),
(438, '  Margalo', ' Plato'),
(439, '  Thomasa', ' Asopus'),
(440, '  Larisse', ' Xenon'),
(441, '  Theore', ' Hercules'),
(442, '  Hemera', ' Rasmus'),
(443, '  Karlyn', ' Agapios'),
(444, '  Nellie', ' Sirius'),
(445, '  Iola', ' Socrates'),
(446, '  Dorte', ' Cleatus'),
(447, '  Helle', ' Alastor'),
(448, '  Posoula', ' Stéphane'),
(449, '  Margalo', ' Eros'),
(450, '  Alisa', ' Tivadar'),
(451, '  Acantha', ' Yura'),
(452, '  Mona', ' Mikolas'),
(453, '  Trine', ' Minos'),
(454, '  Aetna', ' Alexandrukas'),
(455, '  Nicia', ' Philoetius'),
(456, '  Tanith', ' Jaysen'),
(457, '  Rhea', ' Ibycus'),
(458, '  Barabal', ' Thalmus'),
(459, '  Helen', ' Alastor'),
(460, '  Leucothea', ' Abydos'),
(461, '  Rheta', ' Salmoneus'),
(462, '  Cicada', ' Eleutherios'),
(463, '  Europa', ' Laestrygones'),
(464, '  Eleanore', ' Kosmosr'),
(465, '  Oenone', ' Zeth'),
(466, '  Rue', ' Cottus'),
(467, '  Rhonda', ' Hiero'),
(468, '  Ellen', ' Pierro'),
(469, '  Aleka', ' Acestes'),
(470, '  Terryn', ' Cetus'),
(471, '  Sebastienne', ' Charon'),
(472, '  Moirai', ' Piero'),
(473, '  Andrina', ' Thaddeus'),
(474, '  Dorette', ' Iason'),
(475, '  Dorothea', ' Theodon'),
(476, '  Evadne', ' Tivadar'),
(477, '  Marmee', ' Epeius'),
(478, '  Timothia', ' Petros'),
(479, '  Detria', ' Papandrou'),
(480, '  Mona', ' Jaycen'),
(481, '  Zelena', ' Menelaus'),
(482, '  Nefili', ' Ctesippus'),
(483, '  Euphimia', ' Anastasius'),
(484, '  Monica', ' Apostolos'),
(485, '  Sema', ' Nikolas'),
(486, '  Thina', ' Coridan'),
(487, '  Marla', ' Gyoergy'),
(488, '  Euridice', ' Theociymenus'),
(489, '  Zoel', ' Feodras'),
(490, '  Karessa', ' Briareus'),
(491, '  Doll', ' Nikkos'),
(492, '  Monica', ' Yehor'),
(493, '  Ellena', ' Melancton'),
(494, '  Themis', ' Cecrops'),
(495, '  Haidee', ' Ercole'),
(496, '  Katus', ' Niklaus'),
(497, '  Dorlisa', ' Stamatis'),
(498, '  Nysa', ' Timon'),
(499, '  Antiope', ' Demophon'),
(500, '  Katalina', ' Arsene'),
(501, '  Adria', ' Halirrhothius'),
(502, '  Penney', ' Klaasr'),
(503, '  Jenesis', ' Sigfreid'),
(504, '  Tryfosa', ' Andor'),
(505, '  Philomina', ' Peisistratus'),
(506, '  Cathiyn', ' Eachann'),
(507, '  Xena', ' Hippolytusr'),
(508, '  Philyra', ' Eusebius'),
(509, '  Augustina', ' Peder'),
(510, '  Jacintha', ' Pittheus'),
(511, '  Tryfena', ' Neo'),
(512, '  Evadine', ' Nikos'),
(513, '  Alexandria', ' Korudon'),
(514, '  Cassandra', ' Myron'),
(515, '  Posoula', ' Athamas'),
(516, '  Marpessa', ' Aindriu'),
(517, '  Maggie', ' Elpenor'),
(518, '  Melissa', ' Aristeides'),
(519, '  Charisma', ' Theophile'),
(520, '  Elodie', ' Dorryen'),
(521, '  Lachesis', ' Leonidas'),
(522, '  Timothia', ' Marco'),
(523, '  Neomea', ' Eustache'),
(524, '  Antiope', ' Lichas'),
(525, '  Tisiphone', ' Cephalus'),
(526, '  Theophania', ' Xeno'),
(527, '  Alecta', ' Peisistratus'),
(528, '  Penelope', ' Pan'),
(529, '  Madeline', ' Kyrillosr'),
(530, '  Nellie', ' Istvan'),
(531, '  Obelia', ' Acestes'),
(532, '  Oceana', ' Toxeus'),
(533, '  Thyra', ' Sophia'),
(534, '  Larisa', ' Phorcys'),
(535, '  Philomina', ' Hippocampus'),
(536, '  Atlanta', ' Oeneus'),
(537, '  Adelpha', ' Kirilr'),
(538, '  Ina', ' Ocnus'),
(539, '  Corrina', ' Hippolytusr'),
(540, '  Christianna', ' Eurymachus'),
(541, '  Cindy', ' Petrelis'),
(542, '  Atalanta', ' Anieli'),
(543, '  Madeline', ' Jerry'),
(544, '  Ellice', ' Daemon'),
(545, '  Philomena', ' Hippogriff'),
(546, '  Dirce', ' Irus'),
(547, '  Dorota', ' Idas'),
(548, '  Katakin', ' Zorba'),
(549, '  Agneta', ' Typhon'),
(550, '  Leda', ' Basil'),
(551, '  Sibylla', ' Zero'),
(552, '  Dionysie', ' Teuthras'),
(553, '  Desmona', ' Gyorgy'),
(554, '  Khloey', ' Aquilo'),
(555, '  Andrena', ' Christos'),
(556, '  Ilon', ' Kosmosr'),
(557, '  Eurydice', ' Sarpedon'),
(558, '  Elianne', ' Gruev'),
(559, '  Iole', ' Amphiaraus'),
(560, '  Theodosia', ' Lycomedes'),
(561, '  Nausicaa', ' Damion'),
(562, '  Saba', ' Cristophe'),
(563, '  Canace', ' Geordie'),
(564, '  Aretina', ' Jasen'),
(565, '  Io', ' Capaneus'),
(566, '  Moirai', ' Aquilo'),
(567, '  Hilaeira', ' Oeneus'),
(568, '  Sibylla', ' Arsen'),
(569, '  Ilu', ' Damone'),
(570, '  Khrustina', ' Erebus'),
(571, '  Dionysia', ' Theo'),
(572, '  Hippodamia', ' Kirylr'),
(573, '  Antropas', ' Cephalus'),
(574, '  Alcyoneus', ' Niocol'),
(575, '  Philomel', ' Cyryl'),
(576, '  Titania', ' Cirilio'),
(577, '  Antonia', ' Christoph'),
(578, '  Musidora', ' Kozma'),
(579, '  Cynere', ' Aegyptus'),
(580, '  Fotina', ' Evasn'),
(581, '  Katherine', ' Lycurgus'),
(582, '  Voska', ' Macaire'),
(583, '  Thina', ' Jencir'),
(584, '  Thaddea', ' Dimitur'),
(585, '  Alethea', ' Damasko'),
(586, '  Edeline', ' Alyosha'),
(587, '  Margeret', ' Cirillo'),
(588, '  Detria', ' Leksi'),
(589, '  Acacia', ' Delphinus'),
(590, '  Cassia', ' Athan'),
(591, '  Natasha', ' Antiphates'),
(592, '  Eudora', ' Pete'),
(593, '  Maryan', ' Tim'),
(594, '  Kara', ' Dare'),
(595, '  Nysa', ' Constantine'),
(596, '  Hemera', ' Tityus'),
(597, '  Calligenia', ' Illias'),
(598, '  Calendre', ' Triptolemus'),
(599, '  Nerina', ' Telegonus'),
(600, '  Thalia', ' Jorgr'),
(601, '  Esme', ' Ettore'),
(602, '  Caitiyn', ' Charybdis'),
(603, '  Myrtis', ' Aeolus'),
(604, '  Letha', ' Eachann'),
(605, '  Diondra', ' Eleutherios'),
(606, '  Harmonia', ' Turannos'),
(607, '  Dice', ' Lynceus'),
(608, '  Kosmo', ' Anastagio'),
(609, '  Cassie', ' Lippio'),
(610, '  Junia', ' Dardanus'),
(611, '  Sibylla', ' Cleobis'),
(612, '  Eugena', ' Deo'),
(613, '  Dorelia', ' Christos'),
(614, '  Ino', ' Triptolemus'),
(615, '  Andrienne', ' Feodras'),
(616, '  Marketa', ' Demitrius'),
(617, '  Hippolyta', ' Cristophe'),
(618, '  Sandi', ' Laertes'),
(619, '  Esmeralda', ' Niklaus'),
(620, '  Hyades', ' Pontus'),
(621, '  Kalista', ' Khrystiyanr'),
(622, '  Sybilla', ' Meleager'),
(623, '  Autonoe', ' Euclid'),
(624, '  Petrina', ' Aniol'),
(625, '  Cathlin', ' Ampyx'),
(626, '  Zefuyn', ' Vasilis'),
(627, '  Odelet', ' Aegisthus'),
(628, '  Krysanthe', ' Euryalus'),
(629, '  Moerae', ' Timon'),
(630, '  Euterpe', ' Anndra'),
(631, '  Pennie', ' Dennis'),
(632, '  Canisa', ' Eugenius'),
(633, '  Zenia', ' Demetrios'),
(634, '  Alexandina', ' Ascanius'),
(635, '  Theresa', ' Damaskinos'),
(636, '  Neried', ' Thomas'),
(637, '  Irini', ' Sigfreid'),
(638, '  Erigone', ' Keril'),
(639, '  Evangela', ' Eusebius'),
(640, '  Isadore', ' Jeroenr'),
(641, '  Dorothea', ' Pero'),
(642, '  Hyacinthe', ' Absyrtus'),
(643, '  Angelee', ' Thaumas'),
(644, '  Merta', ' Epifanio'),
(645, '  Anstace', ' Pelops'),
(646, '  Parthenie', ' Mateo'),
(647, '  Despina', ' Polycarp'),
(648, '  Philena', ' Demogorgon'),
(649, '  Eleni', ' Zelotes'),
(650, '  Kalonice', ' Zoello'),
(651, '  Dorcas', ' Anastagio'),
(652, '  Dordei', ' Aloeus'),
(653, '  Esmeralda', ' Tivadar'),
(654, '  Agnes', ' Sirius'),
(655, '  Elysa', ' Astraeus'),
(656, '  Nitsa', ' Zeno'),
(657, '  Philomel', ' Melampus'),
(658, '  Aurora', ' Piet'),
(659, '  Oceana', ' Feodor'),
(660, '  Astra', ' Kosmosr'),
(661, '  Helen', ' Nikolas'),
(662, '  Philadelphia', ' Melanippus'),
(663, '  Khloey', ' Baccaus'),
(664, '  Nelma', ' Prometheus'),
(665, '  Helike', ' Iphides'),
(666, '  Theophane', ' Melanion'),
(667, '  Musadora', ' Tyndareus'),
(668, '  Eris', ' Mopsus'),
(669, '  Margeret', ' Xuthus'),
(670, '  Theophanie', ' Niklaus'),
(671, '  Ionia', ' Cyril'),
(672, '  Tiffeny', ' Cosmo'),
(673, '  Celene', ' Telephus'),
(674, '  Kathryne', ' Tyndareus'),
(675, '  Cleta', ' Theodon'),
(676, '  Malissa', ' George'),
(677, '  Merope', ' Deucalion'),
(678, '  Vavara', ' Aiolos'),
(679, '  Melena', ' Tibalt'),
(680, '  Pelopia', ' Calix'),
(681, '  Akilina', ' Ampyx'),
(682, '  Adara', ' Aristeides'),
(683, '  Venessa', ' Alexei'),
(684, '  Chroma', ' Tymoteusz'),
(685, '  Angeliki', ' Alyosha'),
(686, '  Aundrea', ' Eustasius'),
(687, '  Lissandra', ' Anatolijus'),
(688, '  Iliana', ' Laertes'),
(689, '  Anatola', ' Demetri'),
(690, '  Idylla', ' Khristian'),
(691, '  Agnek', ' Sebasten'),
(692, '  Melinda', ' Aristokles'),
(693, '  Dorota', ' Sebastian'),
(694, '  Thaddea', ' Achelous'),
(695, '  Kolina', ' Steenie'),
(696, '  Eula', ' Peter'),
(697, '  Daphne', ' Aeetes'),
(698, '  Melanthe', ' Erasmus'),
(699, '  Alannis', ' Gelasius'),
(700, '  Rhete', ' Eleftherios'),
(701, '  Kepe', ' Aineas'),
(702, '  Venetia', ' Staffen'),
(703, '  Enora', ' Agamedes'),
(704, '  Hermandina', ' Urian'),
(705, '  Kasin', ' Vasilis'),
(706, '  Basilia', ' Kristor'),
(707, '  Chezarina', ' Eugenius'),
(708, '  Teofilia', ' Lysander'),
(709, '  Eugenia', ' Belen'),
(710, '  Selena', ' Hylas'),
(711, '  Laodamia', ' Timoleon'),
(712, '  Lais', ' Hippomenes'),
(713, '  Pierette', ' Eleutherios'),
(714, '  Vara', ' Zander'),
(715, '  Yalena', ' Hipolit'),
(716, '  Theophane', ' Prophyrios'),
(717, '  Thomasa', ' Alcinous'),
(718, '  Erigone', ' Athanasius'),
(719, '  Mytra', ' Melanion'),
(720, '  Xylia', ' Jaycen'),
(721, '  Marpessa', ' Thadeus'),
(722, '  Delphina', ' Isidrro'),
(723, '  Khrustina', ' Gruev'),
(724, '  Amarantha', ' Tony'),
(725, '  Elexa', ' Staffen'),
(726, '  Delfine', ' Polyphemus'),
(727, '  Esmeralda', ' Darien'),
(728, '  Angelee', ' Theodosios'),
(729, '  Megan', ' Aeacus'),
(730, '  Semele', ' Toribio'),
(731, '  Thea', ' Asklepios'),
(732, '  Natasha', ' Feodor'),
(733, '  Krysanthe', ' Nilos'),
(734, '  Anteia', ' Vasilios'),
(735, '  Io', ' Alastor'),
(736, '  Nicia', ' Gelasius'),
(737, '  Atlanta', ' Feodor'),
(738, '  Voska', ' Hylas'),
(739, '  Eunice', ' Agathias'),
(740, '  Calysta', ' Seoirse'),
(741, '  Pelicia', ' Pietro'),
(742, '  Eugena', ' Androu'),
(743, '  Doralis', ' Aristid'),
(744, '  Elepheteria', ' Makarioa'),
(745, '  Medora', ' Jaycen'),
(746, '  Theophilia', ' Stefanos'),
(747, '  Thira', ' Bastiaan'),
(748, '  Autonoe', ' Erichthonius'),
(749, '  Della', ' Delphinus'),
(750, '  Ceyla', ' Tymon'),
(751, '  Melantho', ' Andor'),
(752, '  Khloey', ' Gheorghr'),
(753, '  Cailey', ' Aetos'),
(754, '  Musidora', ' Timoleon'),
(755, '  Doria', ' Coeus'),
(756, '  Penny', ' Theophilus'),
(757, '  Parthenia', ' Anastagio'),
(758, '  Latona', ' Hades'),
(759, '  Sibilla', ' Philander'),
(760, '  Anastacia', ' Laestrygones'),
(761, '  Gelasia', ' Ivankor'),
(762, '  Heller', ' Iphis'),
(763, '  Nausicaa', ' Miles'),
(764, '  Ariana', ' Basil'),
(765, '  Anastacia', ' Balthasar'),
(766, '  Dice', ' Ladon'),
(767, '  Mytra', ' Appollo'),
(768, '  Persephonie', ' Talus'),
(769, '  Zoel', ' Seorsa'),
(770, '  Lashea', ' Jorgr'),
(771, '  Ellena', ' Niocol'),
(772, '  Delphine', ' Christoffel'),
(773, '  Cailey', ' Baptiste'),
(774, '  Lenore', ' Cy'),
(775, '  Xylia', ' Triptolemus'),
(776, '  Fedora', ' Flavian'),
(777, '  Apollonia', ' Teodors'),
(778, '  Venessa', ' Pietro'),
(779, '  Aphrodite', ' Tiresias'),
(780, '  Olympia', ' Pancratius'),
(781, '  Melanctha', ' Isadorer'),
(782, '  Dora', ' Anatolio'),
(783, '  Ilon', ' Gyorgy'),
(784, '  Junia', ' Acastus'),
(785, '  Althea', ' Persius'),
(786, '  Koren', ' Haemon'),
(787, '  Giancinta', ' Eurymachus'),
(788, '  Astra', ' Kasmy'),
(789, '  Agalaia', ' Vasilios'),
(790, '  Cassia', ' Irus'),
(791, '  Dryope', ' Meleager'),
(792, '  Aglauros', ' Claas'),
(793, '  Ellen', ' Vernados'),
(794, '  Eugina', ' Krzysztofr'),
(795, '  Uriana', ' Orestes'),
(796, '  Eleanore', ' Jayson'),
(797, '  Anysia', ' Cristoforo'),
(798, '  Eriantha', ' Eugenius'),
(799, '  Kasmo', ' Baste'),
(800, '  Celandia', ' Theodor'),
(801, '  Daryn', ' Sisyphus'),
(802, '  Kasondra', ' Steven'),
(803, '  Christine', ' Niocole'),
(804, '  Patia', ' Alyoshenka'),
(805, '  Cybill', ' Timoleon'),
(806, '  Xyleena', ' Aristaeus'),
(807, '  Inese', ' Dionysius'),
(808, '  Chrystie', ' Pyrrhus'),
(809, '  Rhoda', ' Ollie'),
(810, '  Doralis', ' Momus'),
(811, '  Desdemona', ' Galinthias'),
(812, '  Myrtle', ' Nemos'),
(813, '  Astra', ' Nikos'),
(814, '  Kari', ' Agapios'),
(815, '  Eudocia', ' Thamyris'),
(816, '  Marpessa', ' Philo'),
(817, '  Crysta', ' Griffin'),
(818, '  Ina', ' Theodis'),
(819, '  Annys', ' Tityus'),
(820, '  Euclea', ' Melampus'),
(821, '  Catalyn', ' Egidio'),
(822, '  Cardea', ' Icelos'),
(823, '  Ecterine', ' Nicholas'),
(824, '  Zephyrine', ' Capaneus'),
(825, '  Dorrian', ' Aetos'),
(826, '  Diantha', ' Sirius'),
(827, '  Amara', ' Tony'),
(828, '  Tiphanie', ' Zosimo'),
(829, '  Theophilia', ' Apostolos'),
(830, '  Desdemona', ' Pirithous'),
(831, '  Dalia', ' Abderus'),
(832, '  Katus', ' Damae'),
(833, '  Ariadna', ' Nectarios'),
(834, '  Pemphredo', ' Cleobis'),
(835, '  Zinaida', ' Peru'),
(836, '  Sybilla', ' Esaias'),
(837, '  Saba', ' Alddes'),
(838, '  Mintha', ' Kuirilr'),
(839, '  Alla', ' Meleager'),
(840, '  Terri', ' Damyon'),
(841, '  Cloris', ' Gregorie'),
(842, '  Vavara', ' Kasmy'),
(843, '  Meleta', ' Petter'),
(844, '  Vanessa', ' Galen'),
(845, '  Fotini', ' Agamemnon'),
(846, '  Ianthina', ' Theodon'),
(847, '  Amethyst', ' Nectarios'),
(848, '  Ionia', ' Thom'),
(849, '  Thecla', ' Asariel'),
(850, '  Moirai', ' Asariel'),
(851, '  Andrena', ' Hypnos'),
(852, '  Evadine', ' Evasn'),
(853, '  Agave', ' Estes'),
(854, '  Ina', ' Menelaus'),
(855, '  Madora', ' Polynices'),
(856, '  Kyna', ' Andor'),
(857, '  Anaxarete', ' Peisistratus'),
(858, '  Rhodia', ' Caesare'),
(859, '  Desmona', ' Piaras'),
(860, '  Gaea', ' Aeson'),
(861, '  Rheta', ' Gergely'),
(862, '  Anstace', ' Antinous'),
(863, '  Sybyl', ' Coireall'),
(864, '  Pamelia', ' Nickolaus'),
(865, '  Minta', ' Triptolemus'),
(866, '  Cleta', ' Tibalt'),
(867, '  Aradia', ' Telegonus'),
(868, '  Helia', ' Polydamas'),
(869, '  Hesper', ' Athamas'),
(870, '  Malissa', ' Eryx'),
(871, '  Nitsa', ' Theodrekr'),
(872, '  Tasha', ' Pyramus'),
(873, '  Kaira', ' Tymon'),
(874, '  Trine', ' Kuirilr'),
(875, '  Carissa', ' Rhesus'),
(876, '  Styx', ' Phlegethon'),
(877, '  Cathy', ' Istvan'),
(878, '  Angele', ' Arsene'),
(879, '  Cybil', ' Ektoras'),
(880, '  Callie', ' Hyperion'),
(881, '  Coralin', ' Anchises'),
(882, '  Sapphire', ' Damae'),
(883, '  Solstice', ' Cercyon'),
(884, '  Rhoda', ' Lycomedes'),
(885, '  Terryn', ' Phemius'),
(886, '  Melantha', ' Aristides'),
(887, '  Jarine', ' Mopsus'),
(888, '  Sib', ' Julius'),
(889, '  Eulah', ' Jirkar'),
(890, '  Madelyn', ' Alexander'),
(891, '  Tanith', ' Coireall'),
(892, '  Elyssa', ' Thad'),
(893, '  Thera', ' Zeth'),
(894, '  Baptista', ' Aristides'),
(895, '  Thea', ' Meleager'),
(896, '  Tamesis', ' Philander'),
(897, '  Zoe', ' Alpheus'),
(898, '  Posoula', ' Corybantes'),
(899, '  Theophane', ' Agamedes'),
(900, '  Zeva', ' Adonis'),
(901, '  Efterpi', ' Antinous'),
(902, '  Karen', ' Illias'),
(903, '  Acantha', ' Karan'),
(904, '  Lystra', ' Gelasius'),
(905, '  Amaryllis', ' Gregory'),
(906, '  Madeline', ' Lasse'),
(907, '  Dimity', ' Soterios'),
(908, '  Dawn', ' Aquilo'),
(909, '  Irayna', ' Georgios'),
(910, '  Harmonia', ' Euryalus'),
(911, '  Katakin', ' Jaycen'),
(912, '  Cytheria', ' Haemon'),
(913, '  Myrta', ' Machaon'),
(914, '  Cypriana', ' Constantine'),
(915, '  Pemphredo', ' Nyke'),
(916, '  Solon', ' Drakon'),
(917, '  Vavara', ' Kyron'),
(918, '  Cybil', ' Stephen'),
(919, '  Chruse', ' Thalmus'),
(920, '  Dory', ' Avel'),
(921, '  Anteia', ' Telamon'),
(922, '  Chrysta', ' Enceladus'),
(923, '  Marina', ' Constantine'),
(924, '  Hygeia', ' Pierro'),
(925, '  Sib', ' Klaasr'),
(926, '  Diondra', ' Napoleon'),
(927, '  Carissa', ' Tymoteusz'),
(928, '  Zelia', ' Eustazio'),
(929, '  Oenone', ' Charon'),
(930, '  Iliana', ' Cecrops'),
(931, '  Rhea', ' Tim'),
(932, '  Ellen', ' Oenomaus'),
(933, '  Petra', ' Aristides'),
(934, '  Ligia', ' Eryx'),
(935, '  Cressida', ' Achilles'),
(936, '  Vanessa', ' Vasilios'),
(937, '  Andreanna', ' Mikolas'),
(938, '  Titian', ' Proteus'),
(939, '  Korene', ' Maur'),
(940, '  Anneliese', ' Ambrose'),
(941, '  Here', ' Krischnan'),
(942, '  Philothea', ' Gregory'),
(943, '  Petronelle', ' Halirrhothius'),
(944, '  Augustina', ' Evasn'),
(945, '  Theona', ' Columbus'),
(946, '  Cassandra', ' Tony'),
(947, '  Chryseis', ' Kristor'),
(948, '  Ellen', ' Darien'),
(949, '  Candance', ' Damyon'),
(950, '  Tedra', ' Ajax'),
(951, '  Bernice', ' Pegasus'),
(952, '  Altheta', ' Demogorgon'),
(953, '  Cybill', ' Basil'),
(954, '  Gredel', ' Yurii'),
(955, '  Sinobia', ' Barnabas'),
(956, '  Amphitrite', ' Alyosha'),
(957, '  Maia', ' Toxeus'),
(958, '  Mnemosyne', ' Petr'),
(959, '  Sinobia', ' Cyrek'),
(960, '  Althaia', ' Artemesio'),
(961, '  Rena', ' Isidrro'),
(962, '  Hecuba', ' Pyramus'),
(963, '  Erimentha', ' Iphitus'),
(964, '  Tiffeny', ' Hypnos'),
(965, '  Demetria', ' Xuthus'),
(966, '  Sidony', ' Aineas'),
(967, '  Hermia', ' Thanasis'),
(968, '  Dimity', ' Tom'),
(969, '  Atropes', ' Octavius'),
(970, '  Chrystie', ' Polyeidus'),
(971, '  Cassandra', ' Cletus'),
(972, '  Coralia', ' Aesculapius'),
(973, '  Anastashia', ' Ettore'),
(974, '  Atlanta', ' Esaias'),
(975, '  Zondra', ' Geordi'),
(976, '  Detria', ' Pygmalion'),
(977, '  Kalista', ' Thanos'),
(978, '  Dione', ' Eleutherios'),
(979, '  Aricia', ' Dorean'),
(980, '  Panthea', ' Fedor'),
(981, '  Kolina', ' Amphitryon'),
(982, '  Erigone', ' Phillip'),
(983, '  Damia', ' Anndra'),
(984, '  Dorlisa', ' Plexippus'),
(985, '  Eriantha', ' Estevao'),
(986, '  Zenaide', ' Kipr'),
(987, '  Canace', ' Agamemnon'),
(988, '  Sybil', ' Laestrygones'),
(989, '  Luigina', ' Hephaestus'),
(990, '  Solonie', ' Coeus'),
(991, '  Myrtle', ' Iason'),
(992, '  Alpha', ' Vitalis'),
(993, '  Corinna', ' Talus'),
(994, '  Demos', ' Pylades'),
(995, '  Andrienne', ' Pete'),
(996, '  Argia', ' Anatol'),
(997, '  Coronis', ' Eustis'),
(998, '  Nympha', ' Lycomedes'),
(999, '  Baibin', ' Takis'),
(1000, '  Sibbie', ' Theo');

-- --------------------------------------------------------

--
-- Table structure for table `navire`
--

DROP TABLE IF EXISTS `navire`;
CREATE TABLE IF NOT EXISTS `navire` (
  `ID` int(11) NOT NULL AUTO_INCREMENT,
  `Nom` varchar(255) DEFAULT NULL,
  PRIMARY KEY (`ID`)
) ENGINE=InnoDB AUTO_INCREMENT=72 DEFAULT CHARSET=latin1;

--
-- Dumping data for table `navire`
--

INSERT INTO `navire` (`ID`, `Nom`) VALUES
(1, ' Salus'),
(2, ' Hye'),
(3, ' Krischan'),
(4, ' Magan'),
(5, ' Pirro'),
(6, ' Kirsten'),
(7, ' Alex'),
(8, ' Xenophon'),
(9, ' Mars'),
(10, ' Pax'),
(11, ' Artemisiaart'),
(12, ' Argyro'),
(13, ' Telly'),
(14, ' Hillary'),
(15, ' Artemus'),
(16, ' Angel'),
(17, ' Sandy'),
(18, ' Solaris'),
(19, ' Phoebe'),
(20, ' Rhodes'),
(21, ' Pallas'),
(22, ' Nox'),
(23, ' Phoenix'),
(24, ' Artemis'),
(25, ' Myles'),
(26, ' Pat'),
(27, ' Gryphon'),
(28, ' Parrish'),
(29, ' Nike'),
(30, ' Coriander'),
(31, ' Oracle'),
(32, ' Xylon'),
(33, ' Amarande'),
(34, ' Cyd'),
(35, ' Calypso'),
(36, ' Drew'),
(37, ' Dion'),
(38, ' Haldis'),
(39, ' Marlas'),
(40, ' Dunixi'),
(41, ' Echo'),
(42, ' Andrea'),
(43, ' Omega'),
(44, ' Ceres'),
(45, ' Lex'),
(46, ' Agape'),
(47, ' Pyralis'),
(48, ' Karsten'),
(49, ' Lykaios'),
(50, ' Than'),
(51, ' Tannis'),
(52, ' Zenas'),
(53, ' Zale'),
(54, ' Orion'),
(55, ' Briseas'),
(56, ' Lyric'),
(57, ' Zenon'),
(58, ' Timeus'),
(59, ' Theron'),
(60, ' Thady'),
(61, ' Orane'),
(62, ' Dorian'),
(63, ' Charis'),
(64, ' Juno'),
(65, ' Brontë'),
(66, ' Hilary'),
(67, ' Paris'),
(68, ' Hero'),
(69, ' Pasha'),
(70, ' Chris'),
(71, ' Zephyr');

-- --------------------------------------------------------

--
-- Table structure for table `participe`
--

DROP TABLE IF EXISTS `participe`;
CREATE TABLE IF NOT EXISTS `participe` (
  `ID_expedition` int(11) NOT NULL,
  `ID_Heros` int(11) NOT NULL,
  PRIMARY KEY (`ID_expedition`,`ID_Heros`),
  KEY `Participe_Heros0_FK` (`ID_Heros`)
) ENGINE=InnoDB DEFAULT CHARSET=latin1;

--
-- Dumping data for table `participe`
--

INSERT INTO `participe` (`ID_expedition`, `ID_Heros`) VALUES
(1, 1),
(1, 2),
(1, 3),
(1, 4),
(1, 5),
(1, 6),
(1, 7),
(1, 8),
(1, 9),
(1, 10),
(1, 11),
(1, 12),
(1, 13),
(1, 14),
(1, 15),
(1, 16),
(1, 17),
(2, 18),
(2, 19),
(2, 20),
(2, 21),
(2, 22),
(2, 23),
(2, 24),
(2, 25),
(2, 26),
(2, 27),
(2, 28),
(2, 29),
(2, 30),
(2, 31),
(2, 32),
(2, 33),
(2, 34),
(2, 35),
(2, 36),
(2, 37),
(2, 38),
(2, 39),
(2, 40),
(2, 41),
(2, 42),
(2, 43),
(2, 44),
(2, 45),
(2, 46),
(2, 47),
(2, 48),
(2, 49),
(2, 50),
(2, 51),
(2, 52),
(2, 53),
(2, 54),
(2, 55),
(2, 56),
(2, 57),
(2, 58),
(2, 59),
(2, 60),
(2, 61),
(2, 62),
(2, 63),
(2, 64),
(2, 65),
(2, 66),
(2, 67),
(2, 68),
(2, 69),
(2, 70),
(2, 71),
(3, 72),
(3, 73),
(3, 74),
(3, 75),
(3, 76),
(3, 77),
(3, 78),
(3, 79),
(3, 80),
(3, 81),
(3, 82),
(3, 83),
(3, 84),
(3, 85),
(3, 86),
(3, 87),
(3, 88),
(3, 89),
(3, 90),
(3, 91),
(3, 92),
(3, 93),
(3, 94),
(3, 95),
(3, 96),
(3, 97),
(3, 98),
(3, 99),
(3, 100),
(3, 101),
(3, 102),
(3, 103),
(3, 104),
(3, 105),
(3, 106),
(3, 107),
(3, 108),
(3, 109),
(3, 110),
(3, 111),
(3, 112),
(3, 113),
(3, 114),
(3, 115),
(3, 116),
(3, 117),
(3, 118),
(3, 119),
(3, 120),
(3, 121),
(3, 122),
(3, 123),
(3, 124),
(3, 125),
(3, 126),
(3, 127),
(3, 128),
(3, 129),
(3, 130),
(3, 131),
(3, 132),
(3, 133),
(3, 134),
(3, 135),
(3, 136),
(3, 137),
(3, 138),
(3, 139),
(3, 140),
(3, 141),
(3, 142),
(3, 143),
(3, 144),
(3, 145),
(3, 146),
(3, 147),
(3, 148),
(3, 149),
(3, 150),
(3, 151),
(3, 152),
(3, 153),
(3, 154),
(3, 155),
(3, 156),
(3, 157),
(3, 158),
(3, 159),
(3, 160),
(3, 161),
(3, 162),
(3, 163),
(3, 164),
(3, 165),
(3, 166),
(3, 167),
(3, 168),
(3, 169),
(3, 170),
(3, 171),
(3, 172),
(3, 173),
(3, 174),
(3, 175),
(3, 176),
(3, 177),
(3, 178),
(3, 179),
(3, 180),
(3, 181),
(3, 182),
(3, 183),
(3, 184),
(3, 185),
(3, 186),
(3, 187),
(3, 188),
(3, 189),
(3, 190),
(3, 191),
(3, 192),
(3, 193),
(3, 194),
(3, 195),
(3, 196),
(3, 197),
(3, 198),
(3, 199),
(3, 200),
(3, 201),
(3, 202),
(3, 203),
(3, 204),
(3, 205),
(3, 206),
(3, 207),
(3, 208),
(3, 209),
(3, 210),
(3, 211),
(3, 212),
(3, 213),
(3, 214),
(3, 215),
(3, 216),
(3, 217),
(3, 218),
(3, 219),
(3, 220),
(4, 221),
(4, 222),
(4, 223),
(4, 224),
(4, 225),
(4, 226),
(4, 227),
(4, 228),
(4, 229),
(4, 230),
(4, 231),
(4, 232),
(4, 233),
(4, 234),
(4, 235),
(4, 236),
(4, 237),
(4, 238),
(4, 239),
(4, 240),
(4, 241),
(4, 242),
(4, 243),
(4, 244),
(4, 245),
(4, 246),
(4, 247),
(4, 248),
(4, 249),
(4, 250),
(4, 251),
(4, 252),
(4, 253),
(4, 254),
(4, 255),
(4, 256),
(4, 257),
(4, 258),
(4, 259),
(4, 260),
(4, 261),
(4, 262),
(4, 263),
(4, 264),
(4, 265),
(4, 266),
(4, 267),
(4, 268),
(4, 269),
(4, 270),
(4, 271),
(4, 272),
(4, 273),
(4, 274),
(4, 275),
(4, 276),
(4, 277),
(4, 278),
(4, 279),
(5, 280),
(5, 281),
(5, 282),
(5, 283),
(5, 284),
(5, 285),
(5, 286),
(5, 287),
(5, 288),
(5, 289),
(5, 290),
(5, 291),
(5, 292),
(5, 293),
(5, 294),
(5, 295),
(5, 296),
(5, 297),
(5, 298),
(5, 299),
(5, 300),
(5, 301),
(5, 302),
(5, 303),
(5, 304),
(5, 305),
(5, 306),
(5, 307),
(5, 308),
(5, 309),
(5, 310),
(5, 311),
(5, 312),
(5, 313),
(5, 314),
(5, 315),
(5, 316),
(5, 317),
(5, 318),
(5, 319),
(5, 320),
(5, 321),
(5, 322),
(5, 323),
(5, 324),
(5, 325),
(5, 326),
(5, 327),
(5, 328),
(5, 329),
(5, 330),
(5, 331),
(5, 332),
(5, 333),
(5, 334),
(5, 335),
(5, 336),
(5, 337),
(5, 338),
(5, 339),
(5, 340),
(5, 341),
(5, 342),
(5, 343),
(5, 344),
(5, 345),
(5, 346),
(5, 347),
(5, 348),
(5, 349),
(6, 350),
(6, 351),
(6, 352),
(6, 353),
(6, 354),
(6, 355),
(6, 356),
(6, 357),
(6, 358),
(6, 359),
(6, 360),
(6, 361),
(6, 362),
(6, 363),
(6, 364),
(6, 365),
(6, 366),
(6, 367),
(6, 368),
(6, 369),
(6, 370),
(6, 371),
(6, 372),
(6, 373),
(6, 374),
(6, 375),
(6, 376),
(6, 377),
(6, 378),
(6, 379),
(6, 380),
(6, 381),
(6, 382),
(6, 383),
(6, 384),
(6, 385),
(6, 386),
(6, 387),
(6, 388),
(6, 389),
(6, 390),
(6, 391),
(6, 392),
(6, 393),
(6, 394),
(6, 395),
(6, 396),
(6, 397),
(6, 398),
(6, 399),
(6, 400),
(6, 401),
(6, 402),
(6, 403),
(6, 404),
(6, 405),
(6, 406),
(6, 407),
(6, 408),
(6, 409),
(6, 410),
(6, 411),
(6, 412),
(6, 413),
(6, 414),
(6, 415),
(6, 416),
(6, 417),
(6, 418),
(6, 419),
(6, 420),
(6, 421),
(6, 422),
(6, 423),
(6, 424),
(6, 425),
(6, 426),
(6, 427),
(6, 428),
(6, 429),
(6, 430),
(6, 431),
(7, 432),
(7, 433),
(7, 434),
(7, 435),
(7, 436),
(7, 437),
(7, 438),
(7, 439),
(7, 440),
(7, 441),
(7, 442),
(7, 443),
(7, 444),
(7, 445),
(7, 446),
(7, 447),
(7, 448),
(7, 449),
(7, 450),
(7, 451),
(7, 452),
(7, 453),
(7, 454),
(7, 455),
(7, 456),
(7, 457),
(7, 458),
(7, 459),
(7, 460),
(7, 461),
(7, 462),
(7, 463),
(7, 464),
(7, 465),
(7, 466),
(7, 467),
(7, 468),
(7, 469),
(7, 470),
(7, 471),
(7, 472),
(7, 473),
(7, 474),
(7, 475),
(8, 476),
(8, 477),
(8, 478),
(8, 479),
(8, 480),
(8, 481),
(8, 482),
(8, 483),
(8, 484),
(8, 485),
(8, 486),
(8, 487),
(8, 488),
(8, 489),
(8, 490),
(8, 491),
(8, 492),
(8, 493),
(9, 494),
(9, 495),
(9, 496),
(9, 497),
(9, 498),
(9, 499),
(9, 500);

-- --------------------------------------------------------

--
-- Table structure for table `ville`
--

DROP TABLE IF EXISTS `ville`;
CREATE TABLE IF NOT EXISTS `ville` (
  `ID` int(11) NOT NULL AUTO_INCREMENT,
  `Nom` varchar(255) NOT NULL,
  PRIMARY KEY (`ID`)
) ENGINE=InnoDB AUTO_INCREMENT=129 DEFAULT CHARSET=latin1;

--
-- Dumping data for table `ville`
--

INSERT INTO `ville` (`ID`, `Nom`) VALUES
(1, 'Nikaia'),
(2, 'Kateríni'),
(3, 'Komotiní'),
(4, 'Saloniki'),
(5, 'Réthymnon'),
(6, 'Keratsini'),
(7, 'Zefyri'),
(8, ' Stravroupoli'),
(9, 'Kefalonia'),
(10, 'Nea Smyrni'),
(11, 'Kordelio'),
(12, 'Corfou'),
(13, 'Argos'),
(14, 'Kalamaria'),
(15, 'Eyosmos'),
(16, 'Xanthi'),
(17, 'Aegio'),
(18, 'Kamatero'),
(19, 'Nauplie'),
(20, 'Kozani'),
(21, 'Amfissa'),
(22, ' Ano Liossia'),
(23, 'Kastoria'),
(24, 'Thessalonique'),
(25, 'Saloniki'),
(26, 'Porto Héli'),
(27, 'Ioannina'),
(28, 'Trikala'),
(29, 'Le Pirée'),
(30, 'Lamía'),
(31, 'Corinthe'),
(32, 'Larissa'),
(33, 'Ermoúpoli'),
(34, 'Stravroupoli'),
(35, 'Thèbes'),
(36, 'Drama'),
(37, 'Kavala'),
(38, 'Orestiáda'),
(39, 'Ano Liossia'),
(40, 'Mégara'),
(41, 'Théra'),
(42, 'Iolkos'),
(43, 'Mykonos'),
(44, 'Delphes'),
(45, 'Alonistena'),
(46, 'Olympie'),
(47, 'Rhodes'),
(48, 'Arta'),
(49, 'Patras'),
(50, 'Sparte'),
(51, 'Karditsa'),
(52, 'Héraklion'),
(53, 'Agios Nikolaos'),
(54, 'Ierapetra'),
(55, 'Pylaia'),
(56, 'Výronas'),
(57, 'Athènes'),
(58, 'Eyosmos'),
(59, 'Monemvasia'),
(60, 'Alonistena'),
(61, 'Psychico'),
(62, 'Agrinion'),
(63, 'Filothei'),
(64, 'Kalamata'),
(65, ' Xanthi'),
(66, ' Nea Smyrni'),
(67, ' Kateríni'),
(68, ' Alexandroúpoli'),
(69, ' Agios Nikolaos'),
(70, ' Kateríni'),
(71, ' Kozani'),
(72, ' Kefalonia'),
(73, ' Argos'),
(74, ' Nauplie'),
(75, 'Volos'),
(76, ' Monemvasia'),
(77, ' Souflí'),
(78, ' Le Pirée'),
(79, ' Lamía'),
(80, ' Ioannina'),
(81, ' La Canée'),
(82, ' Nea Ionia'),
(83, ' Larissa'),
(84, ' Kavala'),
(85, ' Pylaia'),
(86, ' Athènes'),
(87, ' Patras'),
(88, ' Eyosmos'),
(89, ' Amfissa'),
(90, ' Le Pirée'),
(91, ' Ierapetra'),
(92, ' Filothei'),
(93, ' Psychico'),
(94, ' Xanthi\r\n'),
(95, ' Mégara'),
(96, ' Kamatero'),
(97, ' Pylaia'),
(98, ' Zefyri'),
(99, ' Keratsini'),
(100, ' Trikala'),
(101, ' Ermoúpoli'),
(102, ' Thessalonique'),
(103, ' Théra'),
(104, ' Zefyri'),
(105, ' Porto Héli'),
(106, ' Orestiáda'),
(107, ' Filothei'),
(108, ' Kordelio'),
(109, ' Héraklion'),
(110, ' Kalamaria'),
(111, ' Nea Ionia'),
(112, ' Réthymnon'),
(113, ' Delphes'),
(114, ' Sparte'),
(115, ' Komotiní'),
(116, ' Aegio'),
(117, ' Olympie'),
(118, ' Porto Héli'),
(119, ' Souflí'),
(120, ' Karditsa'),
(121, ' Arta'),
(122, ' Volos'),
(123, ' Corinthe'),
(124, ' Kastoria'),
(125, ' Agrinion'),
(126, ' Corfou'),
(127, ' Drama'),
(128, ' Výronas');

--
-- Constraints for dumped tables
--

--
-- Constraints for table `etape`
--
ALTER TABLE `etape`
  ADD CONSTRAINT `Etape_Expedition_FK` FOREIGN KEY (`ID_Expedition`) REFERENCES `expedition` (`ID`),
  ADD CONSTRAINT `Etape_Ville0_FK` FOREIGN KEY (`ID_Ville`) REFERENCES `ville` (`ID`);

--
-- Constraints for table `expedition`
--
ALTER TABLE `expedition`
  ADD CONSTRAINT `Expedition_Divinite_FK` FOREIGN KEY (`ID_Divinite`) REFERENCES `divinite` (`ID`),
  ADD CONSTRAINT `Expedition_Heros1_FK` FOREIGN KEY (`ID_Heros`) REFERENCES `heros` (`ID`),
  ADD CONSTRAINT `Expedition_Navire0_FK` FOREIGN KEY (`ID_Navire`) REFERENCES `navire` (`ID`);

--
-- Constraints for table `participe`
--
ALTER TABLE `participe`
  ADD CONSTRAINT `Participe_Expedition_FK` FOREIGN KEY (`ID_expedition`) REFERENCES `expedition` (`ID`),
  ADD CONSTRAINT `Participe_Heros0_FK` FOREIGN KEY (`ID_Heros`) REFERENCES `heros` (`ID`);
COMMIT;

/*!40101 SET CHARACTER_SET_CLIENT=@OLD_CHARACTER_SET_CLIENT */;
/*!40101 SET CHARACTER_SET_RESULTS=@OLD_CHARACTER_SET_RESULTS */;
/*!40101 SET COLLATION_CONNECTION=@OLD_COLLATION_CONNECTION */;
